"InteractionmarkX0xX0x100","InteractionmarkX0xX1x100","InteractionmarkX1xX1x100","InteractionmarkX0xX2x100","InteractionmarkX1xX2x100","InteractionmarkX2xX2x100","InteractionmarkX0xX3x100","InteractionmarkX1xX3x100","InteractionmarkX2xX3x100","InteractionmarkX3xX3x100","InteractionmarkX0xX4x100","InteractionmarkX1xX4x100","InteractionmarkX2xX4x100","InteractionmarkX3xX4x100","InteractionmarkX4xX4x100","InteractionmarkX0xX0x200","InteractionmarkX0xX1x200","InteractionmarkX1xX1x200","InteractionmarkX0xX2x200","InteractionmarkX1xX2x200","InteractionmarkX2xX2x200","InteractionmarkX0xX3x200","InteractionmarkX1xX3x200","InteractionmarkX2xX3x200","InteractionmarkX3xX3x200","InteractionmarkX0xX4x200","InteractionmarkX1xX4x200","InteractionmarkX2xX4x200","InteractionmarkX3xX4x200","InteractionmarkX4xX4x200","InteractionmarkX0xX0x300","InteractionmarkX0xX1x300","InteractionmarkX1xX1x300","InteractionmarkX0xX2x300","InteractionmarkX1xX2x300","InteractionmarkX2xX2x300","InteractionmarkX0xX3x300","InteractionmarkX1xX3x300","InteractionmarkX2xX3x300","InteractionmarkX3xX3x300","InteractionmarkX0xX4x300","InteractionmarkX1xX4x300","InteractionmarkX2xX4x300","InteractionmarkX3xX4x300","InteractionmarkX4xX4x300","InteractionmarkX0xX0x400","InteractionmarkX0xX1x400","InteractionmarkX1xX1x400","InteractionmarkX0xX2x400","InteractionmarkX1xX2x400","InteractionmarkX2xX2x400","InteractionmarkX0xX3x400","InteractionmarkX1xX3x400","InteractionmarkX2xX3x400","InteractionmarkX3xX3x400","InteractionmarkX0xX4x400","InteractionmarkX1xX4x400","InteractionmarkX2xX4x400","InteractionmarkX3xX4x400","InteractionmarkX4xX4x400","InteractionmarkX0xX0x500","InteractionmarkX0xX1x500","InteractionmarkX1xX1x500","InteractionmarkX0xX2x500","InteractionmarkX1xX2x500","InteractionmarkX2xX2x500","InteractionmarkX0xX3x500","InteractionmarkX1xX3x500","InteractionmarkX2xX3x500","InteractionmarkX3xX3x500","InteractionmarkX0xX4x500","InteractionmarkX1xX4x500","InteractionmarkX2xX4x500","InteractionmarkX3xX4x500","InteractionmarkX4xX4x500"
0.195182778851625,0.0212197851805772,0.0529316484113032,0.0287325621774819,0.0439687103088666,0.452707431190846,0.000928045213869351,0.0155754735727336,-0.163065295451187,0.215549021668068,0.0398314982798445,0.0334228173083574,0.08426552704331,-0.00766156672896819,0.147539867776831,-0.0044778305603698,-0.00224710453152304,-0.001171071439533,-0.0186733184073274,-0.0187591705626224,-0.00713957762864513,0.00508229706997753,0.00900996567830202,-0.0679159464213165,0.0623960225980818,-0.0122396493354405,-0.0115029565303187,-0.0298144530914409,0.00299445595453581,-0.0300807671495339,-0.00302395991056447,0.00259313276317146,0.00296550811020003,0.0327646167588059,0.00739892613097782,0.0054876876704286,-0.0071984421425878,0.000268107080720842,-0.042808154852309,0.0238210075298706,0.00766498754810884,0.0042289486264435,0.00410146801442133,0.00108056380695618,0.00416419245603814,-0.00221991200867379,-0.00120306182686483,-0.000111620352457835,-0.0258322773040239,-0.00302495216421606,0.0541818867123903,0.00514327104074665,0.00201785222893358,0.0217970489244892,0.0256752201389958,0.000360947166590016,-0.000178251409899141,0.0178198230861043,-0.00604353183850162,0.0053935469922418,0.0148553461160141,0.0012730155427537,0.00041083056871071,0.00778840031103077,0.00512038215230055,0.0285969521621541,0.00902750874488132,0.000360263541105535,0.0157872781486696,0.000853622308771424,-0.00234094069648581,0.00205119878828305,-0.017160013128135,0.0119422780426194,0.00282088352022809
0.201863663787972,0.0229753905936437,0.0561711534166718,-0.00659977150095402,0.0424829051342234,0.580916686448581,0.0180698402187556,0.0164218795947179,-0.0696340408660415,0.236492176802744,0.0386644979367674,0.0314565635623864,0.0883171074269759,0.000706437824665099,0.149167768827323,-0.000300418097770858,-0.00135547919306837,0.000446613179114731,-0.0356351429558995,-0.023677421907781,0.0543585526034579,-0.00829958340219435,0.0114658328155426,-0.0415088085040009,0.0643684623171482,-0.00860989761763567,-0.0116297474257891,-0.00140539374214091,-0.00233230854232708,-0.0336728169426709,-0.0049400759492732,0.00334877599476874,0.00487043910743718,0.0124094636337053,0.000672851276918473,0.0976839388838193,0.00104275652206305,0.00182486092518189,-0.0370430575316101,0.0230831866230747,0.00445468892974674,0.00362215468346895,0.0101308017944362,0.00119200820685901,0.00766058250058489,-0.00237469156906333,-0.000234945382137904,-0.000614035232990281,-0.00841903247155936,-0.0042386125898527,0.0448754370584569,0.00320216969470425,0.00117811630684387,0.0103843741598163,0.0285581244949705,-0.000611995982062936,8.17682289262874e-05,0.0193421591343664,-0.00135403967984747,0.00732364158706381,0.0174595248290683,0.000809281244030462,0.000630305643684483,-0.0089539915751415,0.00718543347650395,0.0371793252370011,0.00813100698891969,-0.000416270068067085,0.0257320697564572,0.00447600100923224,-0.00335505632023835,0.00281880339465212,-0.0185467003076951,0.0159178590994986,0.00446304933303596
0.205066422094552,0.0196412826703734,0.0513396817516453,0.00792945961242091,0.0460412176750394,0.43441026667916,-0.011990722478217,0.013301107463705,-0.0813576574300904,0.20478691169598,0.0364405133051994,0.0334626200142249,0.0864758966436172,-0.00507066696633811,0.149640045309965,-0.00250534794720444,-0.00156455070042677,-0.00137733915339472,-0.046552380004753,-0.0258243516127387,-0.0304626214539651,-0.002041716542893,0.00990589326311943,-0.0700212936094471,0.0710192069700606,-0.0157413689560072,-0.0128714755022385,-0.0138113783873112,-0.00397925662649058,-0.0323616614019736,-0.00507759343256697,0.00224731069577294,0.00414272939782407,0.0156674278657131,0.00311927139608923,0.0526987260056926,-0.00858725806511338,-0.000237811935348045,-0.0565728451266313,0.0231355403659446,0.0104074241699601,0.0042129923831308,-0.00259395024370474,0.00177285944363929,0.00446824026919356,-0.00378525738398439,0.000275480122172223,-0.000247161349876502,-0.00337859484968775,-0.00258408822840518,0.0539777029778503,0.00836514760728931,0.0013600455045495,0.0190410249100628,0.019441904194807,-0.00298967310247885,-0.000134725700433293,0.0233979436443421,-0.00121456302647116,0.00656082743448145,0.0129089826951259,-0.000102875202503257,0.000338880573292233,0.00211950483942343,0.00656394392809229,0.0245161347607487,0.00885555477976716,0.000195984898825519,0.0177096358933807,0.0152336131558684,-0.000506020780094931,0.00164196151900962,-0.0142559251548952,0.0151073924848858,0.00411153722648981
0.205609394393867,0.0177408104355068,0.0494269023273216,0.0238174855811773,0.0452435523333411,0.469801915045805,-0.02944693243904,0.0165292756766656,-0.22633011115473,0.214755791020806,0.0293601540883349,0.0351213314857316,0.0692246172220128,-0.00343113893288633,0.165698781332448,0.00298594590185763,-0.00147354677002919,-0.000727386020632783,-0.0358072541876933,-0.0270960791427274,-0.0359602416579891,0.0188833342634168,0.00878941673716917,-0.047827870531526,0.0532916863682222,-0.0097807508720066,-0.0123986888980258,-0.0250798751045995,0.00469200033231191,-0.0353589929456802,0.00424820344935986,0.00277121725695983,0.00449124654346569,-0.000896626121136579,0.00683918750589065,0.0433731848716014,-0.0186179435596663,0.00058229329906791,-0.0189773548292476,0.00836828891781799,0.00757897513825544,0.00454574331908043,-0.00169376643144088,0.0034294662709871,0.00898653033069832,-0.00286872447259432,0.000894753918420901,-0.000616946094002038,0.0043600674182578,-0.000709269195585303,0.0299826259251674,0.0192845738298989,0.000145912551953913,-0.0152828855363977,0.0198129858230718,-0.00420093167233738,-0.00022481704675642,0.0277697675922093,-0.00453330823177039,0.00474728254920183,0.0139052565348617,-0.000107413176333535,0.000473451037163795,0.00293442191986406,0.00643057001999731,0.00573929500358341,0.00187436153328436,0.000824157409721711,-0.00500391904282409,0.0465471945122316,-0.00430382812468016,0.00135106499408186,-0.00763318937640763,0.0128945289801795,0.00281183560716393
0.20098081356998,0.0205716893447836,0.0514502238658829,0.016647991259741,0.0453353813494187,0.437492114919305,-0.010607059375609,0.0137219504437714,-0.153182738683566,0.206990339270177,0.0337828049770065,0.0345514187458312,0.0803194269438009,-0.000974878624531994,0.170463677242874,-0.000887473129839199,-0.00256876429476407,-0.00157410317387111,-0.0468416332843966,-0.0248134895458942,-0.0173794628617129,-0.00529856479970464,0.00905325494267973,-0.0576700341349128,0.0645254055599307,-0.012240671137057,-0.0130546048414275,-0.0144184420553243,0.000465447532244254,-0.0424703166797581,-0.00497595019577862,0.00250616898432721,0.00348437579835626,0.00859275048817616,0.00790391468882553,0.0484941711803891,-0.00742738370559178,0.000270540526390719,-0.0502071423287448,0.0164579772174128,0.0102175769539022,0.00417884362734569,-0.00719655960754782,0.00165444874838652,0.00370137144322447,-0.00086976054075712,0.000365598126732825,-0.000619613745855621,0.000703880767766243,-0.00372438200692426,0.0495511192896949,0.0146194450792702,0.00121363242191416,0.0108293651313319,0.0236404796219139,-0.0038651707375037,-0.000460214058542595,0.0278822889043626,-0.00380393893476725,0.00345275939380731,0.0109356948222829,0.000127975958326646,0.000500073331994699,0.000294937602817201,0.00548060844252198,0.0100996191220615,0.00166638586677649,-0.000471792532125593,0.023414671083023,0.0129197659467168,-0.000327463031565896,0.00159407252019343,-0.0148651331420325,0.0143865646501309,0.00479923522297456
0.177746995467761,0.0356349759041369,0.0639138545342475,-12.8379069387568,0.00523127220941733,0.286750774202624,0.0697434883740692,0.025946505565782,-0.22680432349624,0.166103973077289,0.0748473275571742,0.0442104581928694,0.135626170182121,-0.0385640734478284,0.254108432937217,-0.00261436964157374,-0.00575257594442757,-0.00174861415303861,-0.0241599369118431,-0.00279422024621231,0.490592761168111,0.0135765583972647,-0.00933505603913061,-0.0180639876445839,0.0365200699641679,0.00815496521348427,-0.00329903620878834,0.0788368557971619,0.020183670078345,-0.0332647853656038,0.0361180628313,0.000852425942466041,0.00193978674063831,0.0265725306751287,-0.0112523623623133,0.229602845394536,0.00977489460995221,0.000678567461879613,0.113688416477384,0.0468382596020513,0.00593573940675921,0.00392344107863134,-0.106318689124997,-0.0149836786173191,0.0208520035368371,0.0226460511295094,-0.00220131740110804,8.85351390604859e-05,0.0429872530015475,0.00703564504193192,-11.1741033936322,0.00505014260811716,-0.00140332421003506,-0.0241422520094635,0.0213865199812982,0.0142739265812799,-0.00359809528889563,-0.0400064727147268,0.026485043388343,0.00522519698580395,0.0217058163179872,-0.00191743847296565,0.000214470898410527,0.0232477237826487,-0.00166815913862774,-11.141537628965,0.00786519876749433,0.00358750595542538,-0.00658374421129395,0.03972580317331,0.00825581311121402,-0.00360546600034478,0.0980306448160464,-0.0129049546640988,0.0186826249855405
0.284560310799563,0.043215565317316,0.0656680565817168,-11.9118527985995,0.064605065130629,0.929033940186075,0.0796555946394007,0.0309915701189947,-0.231454392615358,0.179920358198393,0.0678108590324515,0.0476456591422548,0.138058082059842,-0.0532092259952779,0.22733581175518,-0.00350621444373645,-0.0042048912179994,-0.00108235400595487,-0.135086777740334,0.0307898715621372,1.01637762254036,0.020530919341985,-0.0065143511111437,0.00277206671340733,0.0525332161525602,0.00235364560013256,-0.00532774477324356,0.112150834050097,0.0043759307019931,-0.0153975432001885,0.0326858452338298,6.7228647662468e-05,0.00146086844777067,-0.000245961969276842,-0.00361214202168388,-12.3374174913982,0.00392105090678809,0.00222117344750872,0.0336567552673381,0.0381100981104832,0.00870674905725063,0.00457410566905637,-0.316828505785801,-0.00805655701218157,0.00792920674055197,0.0161001027491302,-0.00140975394063579,-0.000409664717193219,0.0368654545449058,0.0116940943726644,-9.14596812409121,0.00947743178337881,-0.002950128049588,-0.0525548987264189,0.043245975493907,0.0100367466700168,-0.000517274296747069,0.00758814271496414,0.0109521275691713,0.00202042674750519,0.0130523979540609,-0.00339720037209531,-0.000770888269249707,-0.0330176733910516,-0.010921064986612,-9.22425310921829,0.00633193144755317,0.00240033788915145,-0.0502235939861394,0.0279526766782403,-0.00813693943012808,-0.00025383792123958,0.0670887113640591,0.00404142738838777,0.00144938229066707
0.277186311573172,0.0339077455103986,0.0757568543222216,-18.3420737628313,-0.0118929684789514,-0.768007380397796,0.173101921708017,0.0755872574357873,-8.74850563226783,0.141731997330447,0.0516668835707668,0.0286062330708527,-0.0885328787189375,-0.417832292498206,0.092823098680108,0.0313420775151943,-0.00555760020509894,-0.00122909044533011,0.608716396565153,0.0325849050911964,1.2218890056126,0.0640086106836391,-0.0133628484347961,-9.50129480130349,0.100902241148097,-0.00354820057684346,0.00106685588469977,0.0161457923768413,-0.0122993704745044,-0.00690592238774338,0.0469677091610935,-0.00150082980332841,0.00171960829228834,-0.351494883621854,-0.017607292577304,0.143759661359022,0.0129504656596829,0.00365491400466941,-10.7356814823255,0.0624330297609442,0.0160301227094236,-0.00559838763029682,-0.0656004726629404,0.0558889378872871,-0.00850108564788438,0.0380241365296959,-0.00340435301215169,-0.000158454953630156,0.0548025449276601,-0.00473118384848934,-0.724351026399695,0.00167416578687276,-0.00761322331829323,-0.0635523135846438,0.0903154847580987,-0.00454722712622028,0.000941058589292774,-0.0249334885034152,0.0428911432602035,0.00732097032246337,-0.00778115167394042,-0.00263835832083226,0.00181668647722881,-0.115930820409483,-0.0173614107397929,0.728589741270625,0.0138875271788379,-0.0128522272016521,-0.22768704557558,0.045838937728531,0.0103437012841254,-0.00115867348965503,0.0220766572314359,-0.00690240553292204,0.0159729037300845
0.275649848127807,0.0343782558017043,0.066758451856,-14.501456448632,-0.132163993917881,-17.5011834335455,0.0955565848170906,0.0314489267828426,-10.8299677861038,0.157214361277503,0.0930727890708261,0.0426264027826362,-18.9159026076704,-0.0435967332293004,0.252054868299323,0.00745750159079804,-0.00457236550815722,-0.00190843645369327,0.652087226132427,-0.0147655779125408,-15.2040268030417,0.0108601544327511,-0.0110091076484145,-11.0002446975313,0.0426283884577026,0.008929664141192,-0.00642729659409024,0.445987149859096,0.0305916587732154,-0.0230194930525684,0.0410401871745942,-0.00253193074137047,0.00161538639369923,0.1254279505394,0.050627531328429,-14.8267927620829,0.0138624660585471,-0.000843877365003831,-17.0133836880851,0.0630925273209873,0.0276674390206372,0.00518906608835127,-0.596992802799742,-0.0223584821675522,0.0181100470793178,0.0234878443323818,-0.00133471011655672,-0.000251238282826045,0.132846366417681,-0.0178537246296631,-13.7287307004006,-0.000621738944329699,-0.000663535481845241,0.0778227350450277,0.0128586635905378,0.0248573132736759,-0.00432139466295553,0.00893131343670138,0.0259009595477482,0.0041249674983461,0.00806109501229119,-0.00410369906801266,6.18737787215097e-05,-0.0207067226181977,-0.00129063981570728,-12.8297575051249,0.015035505715989,0.00293820473823938,-0.0177574934422262,0.0416738610093347,-0.00664391794075976,-0.00155580754382955,0.145883015274221,-0.0188112243577853,0.0230980293798327
0.472961107886453,0.0291155491878862,0.0772108139390593,-11.3674597441999,-0.533450008617246,-20.8219188001204,0.098731055119405,0.0670800167622974,-9.45139072133378,0.252241347202093,0.084094618228194,0.0488455487189502,-12.9043781934194,-0.0500851973978852,0.320643705816756,-0.12643486493729,0.00669396621651306,-0.00022936562760292,-11.8898193741674,-0.076199058224603,-19.0792377252313,0.0572092794108013,-0.0125802242202269,-10.7197188828159,0.132780863415239,0.0175574142270483,-0.00965768041503226,-13.3806337553491,-0.0188010800547997,-0.0206251845674345,0.0461282576345414,-0.0121923984736072,0.00202068642452067,-10.88507135764,-0.0332961321351485,-15.3182799295883,0.0282640709212627,0.00468151853838891,-10.2043593940526,0.0967733052725299,0.0815602357491438,0.00743510484093317,-13.0771834439348,-0.0712451550841756,0.0474662891715008,0.0501280376107013,-0.0102927252986313,0.00174248159192526,-11.4592632909711,0.0485982084405749,-15.8508561565759,-0.00898028575120447,-0.00737234657737385,-10.9225134356346,0.0228703488480837,0.042747488148846,-0.00501945745851182,-14.0331039477044,0.000156930746121476,0.0258623816703988,0.0250891820075752,-0.0139075828354209,0.00100943252035644,-11.9526946790318,0.0840148510915044,-17.497320731378,0.0476355172636978,-0.00830369308118803,-11.320349346723,0.0500362401393604,0.0351620096906966,-0.00749708169169232,-14.4563814967871,-0.0106341301706822,0.0787607107433335
0.141466316418247,0.00881814285530145,0.060916012632215,-10.7156839809698,-0.48620777331232,-6.55761110861902,0.0171693135608465,0.0178501497415754,-14.0972055167688,0.179345447374582,0.0320777238501447,0.0208638726459729,-16.3984968352363,-0.00662958010458217,0.116058583105766,-0.00900462786300472,0.00463354975417772,0.00209501984780058,-81.0601896306966,0.421866077019454,-6.56708168980023,-0.00103431601928211,0.00685886454409425,-51.4817472746974,0.0357643154084121,0.00632259940689178,-0.000195354230816628,1.24755468346925,0.0162917605962124,-0.00992595988060261,0.00920994939294616,0.00409359161547636,0.00184141818082942,1.27611829729006,0.365737573923325,42.7470660300591,0.00363380000645962,0.000572828885358652,-115.283737123988,0.0155190186699865,0.00277328948468911,0.00463090856312433,1.08060880736779,0.00863461531984125,0.00337528053462719,0.00201178771276608,-0.000213925872897454,-0.000976065622867047,-0.570043005017785,0.550573751911581,18.4867107805951,0.00716931361327561,0.0032766182321125,-11.1549631830369,0.0165713823557143,0.00249633414663094,0.000371925714730101,-0.767140811719718,0.000871216856123275,0.000794853694330321,0.00555683476518574,0.000759707373078127,-0.000295095168939954,0.138337495231549,0.36747149363325,48.8815634362476,-0.00106093243728845,-0.000691099493193166,0.873117803570835,-0.00304284213834239,0.00270372392632946,0.000929447004585517,-0.425826100160812,-0.000306178593678834,0.00206981026652979
0.134367647140806,0.00742012662720401,0.0611856509642066,-16.2006905887889,-0.167584783791128,2.77387868852295,0.0156370774280843,0.0227606091757235,-13.424810246174,0.170055143074247,0.0315526996241317,0.0222759844601534,-20.3940922769013,-0.0119451683037307,0.115491879492257,-0.00438085599586092,0.00429431801056041,0.00307933467952017,-79.4769886867371,0.0588172335979815,-0.0776878036655806,-0.00223918349748224,0.00578525847037167,-73.5711536929367,0.0294808791546789,0.00653848463585531,-0.000991768901124369,0.171177298450674,0.0182006544286037,-0.00946325828753767,0.00892511776507612,0.00341491909955169,0.00191616354113515,0.977482444954326,0.626702782654931,23.959938213252,0.00142606077601611,0.000348068593518558,-128.27554038167,0.0197847874860285,0.00342846991058378,0.00569380066528699,1.08057738320658,0.0056369982097135,0.00509831868139134,0.000743680653369083,0.000476593692075187,0.000201585768186254,-0.486846184117361,0.706460844731399,37.0982298359918,0.00698049518354806,0.00307704312221846,-16.709130925756,0.0114583934534606,0.00285725037278388,0.000694924390015722,-0.939193358548549,0.00154937348493044,-0.000237728198626296,0.00584114120171683,0.000902079741779798,-8.56264947109225e-05,0.0221594746908616,0.56260878211028,55.5344830947012,-0.000503809484818879,0.00137087599438866,0.474678280087491,0.00593470506482213,0.00276442232136422,0.00078435204549223,-1.27455864599837,-0.000180277627680579,0.00253414415819837
0.258079641366942,0.0115251384847386,0.153238126373485,2.06961624325157,0.778102145178166,-8.561749454399,-0.0071832590755523,0.0121841584403005,2.64465597585155,0.158133726938393,0.708361376706323,0.128187533904767,-18.8680475262084,0.0145478316508193,-0.078407121904946,-0.597837721536327,0.0219516314074728,0.0118523844475914,1.60201833403956,0.834911908810373,66.7636115196854,-0.0379677945533564,-0.00917122885011012,-0.3072178236226,0.112668211055887,0.324367892291132,0.0160168416822879,1.01875122420734,-0.0366268567271985,0.0555390939345418,-0.546311967123821,0.0189246398571521,0.008612982849701,-18.0250428753844,0.832438923135714,87.1191320858208,0.00302086386735733,-0.0314753285916033,1.51874971158233,0.104109864580424,-0.144415312723847,0.0160329494255823,-17.9162859518531,-0.0635313391788245,-0.289054647095501,-0.0589603549922597,0.00606306267230678,0.00899345050362561,-3.27340445929623,0.513813354060829,129.349288523031,0.036341248207749,-0.0130997613648265,-1.44237838845815,0.035391860460784,0.478156011233088,-0.00605423207584681,-17.4941843189771,-0.0605172648910289,-0.109689486024097,0.0664369175316596,0.00230665397825285,-0.001850227643992,-17.850729858165,0.398891808442216,123.828512335111,0.0124538617630189,-0.0253442485258048,-4.45338211398602,0.122993940578859,-0.0947020018276413,0.00350733596309476,-0.0323027642315105,-0.023295506024406,0.104884656879424
0.40701221348908,0.0658424210746298,0.100951319367005,2.33686859955261,-0.16516435718763,-6.08946695395119,-0.190050598986479,-0.00447858569481348,0.744324797858465,0.15781845145413,0.448005214712917,0.0356153602408103,-14.7619420265652,-0.0810272691136091,0.409809900238588,0.153655092088598,0.0016170751763373,0.00415959253199352,1.14937256053222,-0.00585120399951568,18.9860689521944,0.0543287041383715,-0.00127564311442257,-0.0230167191513491,0.00732782631807556,0.119374174544051,0.0175513081639954,-0.833094552963891,0.0571744273723076,0.0067522548462153,0.077132915131655,-0.00654028035822405,1.78025435959964e-05,-13.9665570915869,0.0361376648572386,25.7509174141413,-0.0109021124490876,-0.00259965406019477,-0.375302957673684,-3.21318693291027e-05,-0.100509901847617,-0.00544582426820407,-13.6249543431735,0.0129226151136535,0.0584373553596717,0.0677843978487048,0.0149673550432526,-0.00102553340335883,1.48627836925799,0.0746586319230498,11.9727619388472,-0.0436593712111015,0.00778032658455774,-0.219090134810051,0.0289617124414695,-0.0190149595297998,0.00176701350652567,-14.4518143332173,-0.0117969337212618,0.0779900326608378,-0.062922010371663,-0.00259005165799801,0.00232291833694621,-14.7042805218924,0.163372399935115,9.37660922593639,0.0507336934719079,0.0126641991826844,-0.28742642241666,0.0272806667947678,0.0178832181457446,0.000630639245612256,1.17575203392114,-0.00327827968267286,0.044761164826018
0.57014991539909,0.0479708888753561,0.0931923543871114,1.83261402815525,-0.0403259165044277,-7.61067972859764,-0.118567804979728,-0.00396004202335651,1.10307235245288,0.104843391222466,0.39903095623072,0.0382722791591057,-14.2092573030846,-0.0767515467027574,0.428109255454649,0.112282812615999,0.00666477661157662,0.00167946193462051,0.910409560341113,0.0903530899190172,26.4760528396703,0.0622428476222147,-0.00165131503880783,0.246240102281099,0.0190589742756383,0.12465539080375,0.0154683288178102,-0.665340991425294,0.0234307887977313,0.0270494700482378,0.0858606951817698,0.00363568780391102,0.000842440249552038,-12.9739315353118,0.103005986913099,22.0972944789158,0.00132036048098759,-0.00414434961659948,0.0449167590886826,0.00777693088033008,-0.0926113717352684,-0.00860062195523629,-13.1506673329203,0.0157844878291446,0.0626968863421065,0.112228727302276,0.0092811171181529,0.00138610600424968,1.08663956102486,0.0495810202809749,7.72860435048562,-0.047341718195143,0.00202810135131382,0.0371569730282569,0.0148826020248971,-0.00656591429377499,0.00044041420252473,-12.8067123027951,-0.00270103498128474,0.0903386800460804,0.0950098467953686,-0.0036589658031636,0.00183369261029777,-12.6368639520366,-0.156531847886702,14.9110664996929,0.00968247568244312,0.00796401799154271,-0.464087279111012,0.0264076482847921,-0.0820172822358021,0.00356882849430383,0.575948510725155,0.0065099805253132,0.0561997871232711
0.715593770220364,0.060985945197555,0.126167666072692,1.27236269420636,0.31802829786602,-11.1121530032891,-0.0181381068597261,0.0113926389489336,1.52812114155217,0.203809131201821,0.637012534668434,0.0429152235249509,-18.596473180629,-0.0913598123317923,0.217333526142682,0.116626366282845,-0.000559952697966745,0.0054428322907258,0.106088835763723,0.337493503562368,17.1984974053148,0.014631051055296,-0.0211822141503974,0.577145714421292,0.0246905688116374,0.210294844308289,0.0272230154605945,-0.423999776778945,0.118779824842057,-0.0390719382770698,-0.0345503153314946,-0.0172522226905735,0.00110401857773607,-17.9879018791155,0.350374584734625,11.7318878355111,0.0206766728055075,-0.0110560653240513,0.344861083697594,0.0147335603424966,-0.152270912567318,-0.00071361158744973,-13.6158234354724,-0.11875826499536,0.0133434680076316,0.14009631797357,0.0113151008355955,0.00159289173381127,0.28312273549975,0.14266071512189,-7.24132516644949,-0.0486204799086522,-0.0034933470109105,0.00895661638339173,0.0211630466115571,0.110594466153389,-0.020762488609293,-16.0961099996678,0.0316336871765864,0.104667817727899,0.0351286318712433,0.00640628413706848,0.00221829280385945,-17.4570293497798,-0.103052710811749,59.9449673452764,0.0427588964252321,0.00713085473553636,-1.14115215994261,0.0682262766946078,-0.0665388791415067,0.0152693532723893,0.0410033026601446,-0.00197241847916873,0.0931179215535541
0.40644499334142,0.0652932744271867,0.101099596184668,2.32656482832401,-0.169487465171193,-3.8919790830459,-0.192411548674793,-0.00286961751298674,0.722930157894626,0.157126385391268,0.447202348749418,0.0355132771076312,-14.8421419305185,-0.082704876212845,0.408347808932393,0.15156622619454,0.00183060364006643,0.00466343201225903,1.12728391728674,-0.030275302415541,20.4613074218646,0.055343720363832,-0.00161652215670338,-0.0582182312338992,0.00519249479563079,0.115223108772984,0.0166269390211,-0.861902931587198,0.0528086635017219,0.00169402693281293,0.0830755940235308,-0.00536258651564497,-5.97509472397351e-05,-14.132516334582,0.0842051103829539,30.2959403688899,-0.00867662212289952,-0.00154717298578387,-0.3279220326294,0.00300732506809636,-0.102849631241187,-0.00560932936900394,-15.5913681762759,0.0147798701935551,0.057273691067679,0.0742432657179359,0.0137889553532216,-0.00107821253413517,1.53309027483585,0.0748754704640957,14.814251900033,-0.0453889531375556,0.00714260603753572,-0.242229952407692,0.0275041115783663,-0.015611086511471,0.00108032048247116,-17.1819027842166,-0.0102838917766457,0.0738637362285533,-0.0617715223368334,-0.00240470533117558,0.0021830247195416,-16.0826142297509,0.192329576784359,10.5998125519914,0.04980134004854,0.0124955845885018,-0.382768014371405,0.0281967619932333,0.0128307812059392,0.00216771495262571,1.17030186047364,-0.00412085116942218,0.0402551720417319
0.358336885449664,0.0582271488727437,0.0571082725962982,-13.5864677718936,-0.107013355522268,-12.7101098976667,-0.0279967249262529,0.00386843401284604,-11.5694088990256,0.385786376104975,0.189886408224683,0.0398373917922657,-0.11293791945816,-0.0708612685898736,0.259119878337578,-0.030026261394896,0.009343508433743,0.00641676208607004,-14.1965366832513,-0.162834033095697,-13.6689790503477,-0.0491572717600393,-0.00463394378604523,-12.9187445856136,0.103583509953576,-0.0478623920225951,0.00536079903009967,0.317097463615238,0.03355598314656,0.0288147602014966,0.150931017101563,0.000572791040540368,0.00264402224790202,0.314342869741847,-0.0340558129874444,-6.08749098382895,0.0361552749687863,0.000415221228237917,-12.9383458103201,0.0140589108344298,-0.0155339672849589,0.00127759174884831,-0.256017164022136,0.0165951878443608,0.0240894582409248,0.0132696157576142,0.00362575063369411,-0.000330897406115573,-0.428292118830376,0.0619868440109307,-6.75847578626266,-0.0153567226936479,0.0065001045116943,-12.8996326386567,0.0404210970951475,0.00943713278947569,0.000327221231256477,0.378726233084989,0.0231962644104661,-0.005343219664124,0.00839548728593442,-0.00463460501811083,0.000373453481904664,-13.3734916200052,0.24037179601947,-8.0878918283253,0.0190142577867578,0.0096967334821301,0.0897262274750006,0.0056425707767141,0.0204517509571595,0.00156918069859978,-1.04008630158809,0.0145184411848587,0.0137048561377023
0.551635640613019,0.0492864203629789,0.0622447221646825,-14.0426809767503,-0.196329637521084,-8.21281211060491,-0.0240281215226187,0.016957465948265,-12.1533076086645,0.373439230801248,0.2170559820608,0.04706663373291,0.016378088156064,-0.0808925255319857,0.358904425521954,-0.0242855985682215,0.0137991399172811,0.0103825259714411,-14.3174250289559,-0.245926870107706,-13.7504462919791,-0.0357072922470081,-0.00525858030231304,-14.2851636901679,0.104334080258579,-0.112672407454251,0.00415897526840729,0.393673436528859,0.0473867489759837,0.0338461236746024,0.185129361433208,-0.00225748392060793,0.00318958874958725,0.332605977657829,-0.0649625127206499,-4.51980111628713,0.0209753820508067,-0.00269425007106679,-15.2616536757734,0.0608632927922408,-0.0103390884242513,0.00204011678495689,-0.163038393940653,-0.00193972022744432,0.0605694137701474,-0.126639521558308,0.0142862124583869,0.000257464405886245,-0.52216478721886,0.0761022570445122,-8.13932624656188,-0.0169164240891969,0.00972415704582724,-18.3802614296818,-0.0234017927141359,0.00941366954677353,0.000281569972534598,0.451420557284996,0.0273951673212428,-0.000105582753009149,0.0980666502404028,-0.00770633155842814,0.000826770700377223,-16.9970536874315,0.299428701584186,-12.0002687776262,0.0321004785338999,0.0108762606017718,-0.273129024348247,0.0276124891353865,0.0183852787056554,-0.000249896260023386,-1.07104613979528,0.0410825738746212,0.0140185401704678
0.422127430051357,0.0551916048395587,0.0567345970506459,-14.0160471967713,-0.0943020582775517,-11.8227940858176,-0.0485593207485903,0.0125746787733531,-12.1591830365959,0.327458668999178,0.182931281722505,0.0420358978461426,-0.0750373291720504,-0.0420476039568844,0.287949777139352,-0.0558648428859169,0.0102325226998684,0.00639564274154079,-14.6700939208982,-0.158964328674741,-13.5848986554108,-0.0218730988361001,-0.00153084449454646,-13.0069887742722,0.0906483648529232,-0.0531991829020731,0.00454730486980262,0.350517510780841,0.0366411364849622,0.0208863677271502,0.185728648561202,0.00128496972719845,0.00259197291970035,0.239528780579982,-0.0292048970301153,-7.06167984633612,0.0381234448235592,0.00152807277636999,-12.9368041019977,0.0551312925324403,-0.0199410990257104,0.00071588645226809,-0.189508691515716,0.0223478488722079,0.0383614759594158,-0.0276383686493736,0.0048767201825401,-0.000390396910027855,-0.511407907781629,0.0570963510163177,-6.94355143382029,-0.0101688442197862,0.00681783103633792,-13.6083420378863,0.0103998308408224,0.0122718605218144,-0.000459539804949674,0.412156942026269,0.0157852637815633,-0.00612784356944063,-0.0240169085923342,-0.00441996362334154,0.000512685880900213,-13.361275266128,0.214979921629668,-7.41674690819982,-0.00211550977561864,0.00671130781538038,-0.020415061303734,0.0200625428326235,0.0151248532548237,0.00167539519547843,-1.01239890648844,0.0137068758484073,0.00800044096829966
0.507883537429662,0.0553848184160569,0.0566001243678082,-14.1921217777439,-0.0938158637354579,-12.6074266734188,-0.0200062263109502,0.0102133813049571,-11.9523910819073,0.331651209608421,0.273212348383875,0.047697540342006,-0.105034725493376,-0.0418764602856315,0.354972806182654,-0.0564354488482908,0.0145347977931171,0.00847853771913036,-14.4880644771722,-0.188041661532259,-13.6634071853501,-0.0357407665560492,0.000802652013256913,-13.4967402175768,0.0947612202102777,-0.0724444919012289,0.0037436751504185,0.274823372143225,0.0318246403411703,0.0478165137960164,0.153960366551817,0.00122023602510375,0.00241673765326895,0.249991964319137,-0.0358093867256777,-6.3661209971392,0.0271217392242216,0.00120637117080821,-13.5606295163046,0.0485856769204726,-0.0248663613596996,0.00166717554035884,-0.257982058874233,0.0230142112264989,0.0520723378878089,-0.0156324733479234,0.0036072902206655,-0.000575607264008686,-0.489489390607531,0.0742637952523068,-8.09982296321256,-0.00416348349105593,0.00820771350268225,-13.4013188327335,0.00824833631366939,0.00374326929409472,-0.0011721079617768,0.385494789079363,0.00723557540691513,-0.00949819583200158,-0.0111210906553685,-0.00601193152681235,0.00123350164742638,-13.3971843687538,0.25211172262431,-10.4424425379298,0.0198142592746987,0.00994506465699167,-0.155267327649796,0.0309665081129803,0.0332727743298227,0.00142813942151057,-0.927377806378596,0.0248703617957944,0.00218309070717313
0.393480007840803,0.0565228414609461,0.0563564459801514,-14.0083230567838,-0.109037963149407,-12.4266475763615,-0.0191637022199064,0.00308935282493046,-11.3956731134015,0.364553824096909,0.208459263914855,0.0403876040840462,-0.0294697854213,-0.0753887187623419,0.266773573427166,-0.0432088123934017,0.0116837825905609,0.00601221102154342,-14.0741583069166,-0.163502336080778,-14.0836638720972,-0.0433181060074068,-0.00353217624830221,-12.6777818351813,0.0873461393663834,-0.0751543161036631,0.00512978138103184,0.411233765671535,0.0313791203416185,0.0406643099293583,0.129623195325859,0.00108655440303714,0.00281665888394657,0.408198137073064,-0.0383552306724538,-5.45616665365057,0.0337456036484648,0.00170380241595984,-12.9463404106975,0.0195760810378523,-0.0122908869466624,0.000639527145965554,-0.183544337276807,0.0233163532860705,0.0254748504111955,0.01862730427869,0.00135158720869063,2.29876734463706e-05,-0.368117129653831,0.0579343442378197,-5.96376774593857,-0.0143751873659388,0.00451885906700988,-13.1353014565025,0.0493024418124212,0.00556989664493482,0.000592069919172813,0.43414595874413,0.0291916143211408,-0.00247838363752956,0.0304838031335153,-0.00427733350545262,0.000640380678317692,-13.6383146055821,0.23433579309413,-7.06382345811929,0.0176635971645888,0.00778563256220664,0.126939288656422,0.0146024869044807,0.030100369356121,0.00158781589733673,-0.998960595853922,0.00914718905506849,0.0123175664168694
0.329351216711016,0.0582015343313239,0.0608783722825935,-0.00666166084562829,0.0161388412367746,0.0707373922612212,1.61354552763793,0.0468645152453798,-7.58523909332173,-28.0451181683558,-0.0435053283719784,0.0848844509050622,-16.4490881470672,-10.7789228597245,0.278094251505625,0.0211327278375866,-0.00852274171542371,-0.00369258545552148,0.0297155723326937,0.00473054386663424,0.0113671538793507,-19.3880425360103,-0.311644759160635,-6.58654836890901,40.6006529488463,0.0102062529309707,-0.0230512283436681,0.0377794197631645,-10.2727682883224,0.30624788372708,0.0537235273116196,0.00794809064991219,0.00763210221470136,-0.0546891246480075,-0.00276127580724429,0.0292477151051722,0.355106420988116,-0.051428031745384,-6.04517018400125,100.455438505445,-0.041915788086083,-0.015694030692366,-0.174733950339916,-9.88142761895254,0.223881636871506,-0.000640651701328614,-0.00190936313969256,-0.000295281549773091,0.0258072149065939,0.00109619345087609,0.0283441237370205,1.453484814916,-0.206950885547176,-7.23237327426011,59.1947868557321,-0.0324823749173995,0.000610282703871667,0.0648361837131174,-39.8292862648331,0.167147502689811,0.0433401733923104,-0.00194165759696056,5.27196120840517e-05,-0.0044568363146165,-0.00372786289327929,0.032836269524135,0.633052458415657,0.33403749418917,-8.14360056671215,37.4478592562009,0.00592815319700266,-0.00545551614321148,0.0184800940259805,2.05569391565103,-0.00253184727370689
0.32609000772675,0.0582303862902673,0.0604934932168846,0.0250881446340732,0.0193925316352338,0.0708584041030779,1.81175341526522,-0.0463192897790987,-8.34839111813658,-30.2358788006038,0.0142566501879917,0.0803389073288407,-18.1029792965286,-13.7564074786044,0.303959863087863,0.00799865083716241,-0.00810446819532457,-0.00335667815171816,-0.00719220744457291,0.000647081182837462,0.0171859019655542,-18.9913364403293,-0.342101891236764,-7.51226514300848,44.8457661732262,0.0155781661706988,-0.0207782376795758,0.0566819121298106,-12.9889983360808,0.295618531440127,0.0389947639014201,0.0076874691396479,0.00737013730195889,-0.0264713763275918,0.00111759153863873,0.0310281415532989,0.197245847416386,-0.047168608741703,-7.11978976108607,99.1637403234076,-0.0350610701620377,-0.0162980428455093,-0.0501857938904697,-12.76054549921,0.249553538377269,-0.00293100398355408,-0.0013305663712948,-0.000156392771746739,0.0216535376623448,-0.00107148396849032,0.0143319624620716,1.4573449375637,-0.234693259365976,-8.26953977742996,54.7799035889712,-0.0240742019697935,-0.000673392674510511,0.00424862072209669,-36.6410148996614,0.0233746344144768,0.0409809763249053,-0.00223976102545901,-3.12124070537285e-05,-0.00827252813553072,-0.00308622838342821,0.0300393564603477,0.443180017918126,0.381047962262408,-8.59083927867271,43.9328207971919,0.0148833669341078,-0.00681253111539366,0.0549429890688458,1.9097231011304,0.0286070497997406
0.304160539301077,0.0571505244468523,0.0600431150599465,-8.35881172158674,-0.0083350115322663,-1.42023301160834,2.01797748618637,-0.0481846607434341,4.75534868323833,-30.7458091549105,0.083809977014016,0.0795475023790007,-16.735504847362,-14.283447260984,0.272857808049341,-0.0205929087999076,-0.010003965979501,-0.00349890284225707,-19.9168537785812,0.00590063508722951,0.157544684769748,-18.0040942537518,-0.0461120739644896,-0.022136193986963,8.64069606125097,0.0533982183873485,-0.0172395932914935,-0.0673620318519058,-13.5319511242651,0.148363870581505,0.0147758179725136,0.00869022957473898,0.00644562462422175,-0.116542848801973,0.00151034893665895,0.310296500796218,-0.0903261714993887,-0.208683923403954,0.508148164434615,12.9343488545758,-0.0110604672385173,-0.0129817401276913,-0.0551002150307614,-13.6399524744434,0.11865961101486,-0.0203568343105749,-0.00103195187261403,-0.000216057188506618,0.122880998275763,-0.00796722257909172,-0.213988714274725,1.45467808017932,-0.066514256617982,-1.04736074412546,30.3553149063655,0.00231768713357787,0.00155050361925859,0.0665394808688274,-38.5672469334108,0.0429299209221316,0.0521041725445535,-0.00225031447070609,0.000178180641529055,-0.0513858258293632,0.000576727611691132,0.187295808326455,0.747961376347602,0.204026428131227,0.798394216765209,33.988689197045,0.0197989688508245,-0.00550283622516464,-0.0323213559342428,1.29179206042861,0.0321255617558591
0.30076802681842,0.0535694671905421,0.058800808235524,0.0155432358276601,0.021674562890207,0.0771681485701379,1.68088405452714,-0.0133625391728305,-10.0862982746923,-25.4066613485816,0.128575622476849,0.0585113071076123,-17.3733349783082,-11.0578528993852,0.261098744343677,-0.0171646390525361,-0.00896602342059149,-0.00279591209437106,-0.0299294096168278,-0.00118860568068895,0.0231693893310329,-12.4205480702319,-0.173377515348592,-9.17078508206663,13.0358127328053,0.0240923092872855,-0.00211933598578328,0.10161479054692,-10.3453342023043,0.0741318745593126,0.0267778732972506,0.0055155812224375,0.00608903451543148,-0.000494720200475866,-0.00109571435671109,0.0316840255587621,0.497130551232369,0.0379484658786116,-8.68190490304672,51.485020614046,0.00549047736626876,-0.00302686188878668,-0.0483542933091508,-10.0289653825613,0.0515720205067121,-0.00397739015584501,-6.22847598413083e-05,0.000114922125169279,0.0213712960031602,-0.000887655838454013,0.00508216910723373,1.69166715118119,-0.1052474032777,-8.59111824512847,23.6523689105417,-0.0160780088959553,-0.00184392497812671,0.000156734424110449,-17.2214812703425,0.0391791480398756,0.0497216519738863,-0.00146367506375064,1.61217087394722e-05,-0.0130386493599266,-0.00219819558327322,0.0237651663421191,0.339693298136527,0.15896035523615,-8.37646792625104,57.6298874626997,-0.00189092953250865,-0.00570466630340466,0.020802130653401,-1.03178275668966,-0.00116084140069084
0.300600194377548,0.0561334697963524,0.0590690447098299,-7.98133266156271,-0.0063449150607698,-1.32708295225192,1.97350029944755,-0.0661713393391414,9.78532531243554,-28.9499337825298,0.0971282954182638,0.078499006075636,-18.9394858823373,-12.4656768089222,0.271152167760667,-0.0209273878360609,-0.00997348544919752,-0.00309267486642321,-18.6001191357505,0.00261712949723895,0.158308510007159,-18.0525201543188,-0.0481136896970059,0.478662562709523,7.12573927506271,0.0460040080969585,-0.01192209039404,0.11765153343626,-12.988929533395,0.0783721569059417,0.0174896344941769,0.00740107950688967,0.00613844881507944,-0.118350787995892,0.00177711385676772,0.303508684162046,0.00185687816961846,-0.195261903771406,-1.07536977999156,21.7484816625282,-0.00236289893718618,-0.0101166923248376,-0.0676406420122926,-12.9834241889051,0.105171319707471,-0.0161900791553238,-0.000159392527025666,-0.000111006209762142,0.125851779445632,-0.00780535756501148,-0.233216028178617,1.51570870624801,-0.0735916118861806,0.610415926536982,28.3677622960616,0.000237858690844388,0.00158945031144488,0.054499707603429,-35.3576409205612,0.0516064981286317,0.0539644258230421,-0.00235674212504205,0.000173675195134198,-0.0521968417692458,0.000924359936155885,0.184529075782272,0.701634451903044,0.208316873539395,0.0302789670466133,35.8736672249589,0.0139123965888679,-0.00665494229115431,-0.0599168898472684,1.47451806743688,0.0248805290615536
0.230274864709604,0.0215200455043321,0.0397023297339513,0.00995904273199397,-0.0891851811658678,-19.047565922187,-0.131267072846869,0.0759046271046701,5.99752588840439,1.54030428200628,0.0428565862870489,0.0162121751173442,0.787341543334546,0.212957313090619,0.154679032306806,0.0258250859283243,-0.000608265161613565,-0.0014217331959248,0.0568765615646543,-0.00445838593063253,-15.6673583669489,0.292216274647816,-0.0798462635516492,-0.691873864037641,0.26102072477188,0.0111426584164276,0.00145687352337343,-0.152930738408169,-0.320393617398222,-0.00427972907642946,0.0237368249946903,0.000525003859597054,0.00187884809943284,-0.301767141268634,0.0507370428328684,-12.931950124505,-0.764346470098149,0.0497678567001875,-9.66441829677289,0.219912785290566,-0.00276987558572672,-0.000578138104621293,0.310874290395626,-0.0845715277650612,0.000115204254526539,0.0116611195859771,0.00233467727649105,0.000488839338059036,0.665404695789412,0.0392214988783063,12.2146638402374,0.161876470642312,-0.077862405557887,-9.61828013711274,0.219211489300787,0.00117470325222377,0.000178116340738661,-0.116039404067841,0.158307082110273,0.00587803191333914,0.0205872649137767,0.000192395053002735,0.00133054831081643,-0.222673895158241,-0.0657421907330766,-14.8075065466754,-0.409649997825703,0.0240638148648489,-16.0138775069822,-15.6533150878634,0.00191623155295583,0.00304538457937224,-0.0410400329646921,0.0503918427963525,0.00923858525524457
0.214707258123234,0.0241619834823534,0.0399085395845684,-0.181711979977234,0.0755337907248881,-23.467344766299,0.049317274900037,-0.0320828245209028,18.9627592448526,1.617026519177,0.0605018159863719,0.030087562779161,0.400689870276609,0.099166954103714,0.201681441164685,0.0239928364792238,-0.00162686120267847,-0.00183431734835573,0.335877050981422,0.154205130573472,-2.49764308113776,0.00115765440185807,-0.011942711336036,-10.2247899085416,0.911448018999931,-0.00106647796258242,-0.00162629674645991,-0.928472145299482,-0.0600276212749205,-0.0133698380630339,0.0147928234774721,0.00185133888113266,0.0021534033970917,0.344955787253748,0.121136292478606,-9.80296231429116,-0.00492344925373416,0.0532268127306149,-20.7872174705808,1.28901331109019,-0.00447958693109406,0.00224096021956243,0.427842451199437,-0.0485763443192833,-0.00340820889924826,0.00253458667639178,0.00179403375081309,0.000470123266411839,0.714559344133339,0.0766165553777537,63.4336568900809,0.121908233233797,-0.0451148764617828,-39.605166102987,-0.0801241241235567,0.00246445341326895,-0.00100648519104223,0.317585970574345,0.0321876743408199,0.00795137004782844,0.00993902138144237,0.00174392773883046,0.00140032211183664,-0.226225882223824,0.0930874710845972,-0.317366559951831,-0.112732173778174,0.0107381806539331,-42.5974587089141,1.60769919191026,-0.00427423957371322,0.00150649457727962,0.485878113908872,0.051103532116958,-0.000727668273289147
0.218044589622102,0.0240927093466419,0.0403214571576991,0.233637288619398,-0.0642094842962845,-20.6302471429596,0.0798591150264565,0.0196120966247286,0.451035039890717,1.40929963431808,0.0545619742566194,0.0250395668971325,0.873640383769745,0.108517827950559,0.171872325502113,0.0290755483351088,-0.00199293332679319,-0.00154681428627548,0.129700100827092,0.0133437639868258,-19.3920857889719,0.0121155192959555,-0.0217183341309103,-7.75765351855671,0.860969381424644,0.000643446002080551,-0.00194334691633103,-0.194302313339814,-0.0614900083471232,-0.00955818397994807,0.0228195809580259,0.00126717356167775,0.00209934689943891,-0.29884907081764,0.023472221453293,-14.1553982844968,0.00919124220833062,0.0481855571718074,-6.95821319945319,0.899891470469338,-0.00195750073109358,0.00153922833933195,0.242006851942647,-0.0477404923643829,-0.00224625754443996,0.00895067263406323,0.00259845482739522,0.000499195105130596,0.316441649504337,-0.00970468235838271,11.1978025548331,0.112841700046298,-0.0378341881683019,-8.75551286455469,-0.0197768401989155,0.00251733895379051,-0.000242063122967551,-0.0935628628812791,0.0479265812432347,0.00846337877930413,0.0146909013862677,0.00102312850877204,0.0013918836573891,-0.152850204917557,-0.0319387004556427,-9.90756866779844,-0.0994311939497897,0.0043945090156715,-9.42326178789231,0.605222719787112,0.00166277175246894,0.00221632109510248,-0.198386962888271,0.022096515602122,0.00507186977905895
0.214512619454274,0.023299346247549,0.0388385911203866,0.0218724523269712,-0.110165480803458,-18.2135446267657,0.0154342076620019,0.0180870001225722,0.550098151237155,1.25160776225032,0.0564596334152178,0.0228281093566328,0.713673320970043,0.215043899868088,0.169105322640676,0.0206729836864636,-0.00138798009024787,-0.00131754406788448,0.0555305409437864,0.00929374207124013,-14.7619189485207,0.0288290627689975,-0.0301255167761775,-8.75410347036905,0.800805547196533,0.0041204291180398,-0.00105322775603951,-0.154938332054134,-0.159671899791986,-0.0110385527536134,0.0116254128996676,0.00159324409789768,0.00231823345424462,-0.315179569280749,0.057136891816387,-11.8907287741327,0.00446372386142583,0.0457313924748676,-9.13290243683882,0.925303159883156,-0.00153332961235941,0.00179518795893279,0.278186373105527,-0.0306375806534204,0.00202530295251337,0.0052951924052745,0.00173939543232729,0.000396754954507672,0.558052985326816,0.0378429275818168,11.2013353859049,0.137115877990483,-0.0379718694509779,-9.21030598401931,-0.39670669975382,0.00220185866460814,-0.000439678341896384,-0.114261979187584,0.0372393919769246,0.00451663405995054,0.00921638995160746,0.00123090477256861,0.0013734116233377,-0.211524383813171,-0.071403541041317,-13.9803595700056,-0.146765308994016,0.00691882913038583,-10.0568291232125,0.464694287179451,-0.00264804542325104,0.00158234739051712,-0.0325350651521212,0.0355622722633741,0.00584998099640304
0.228325186497502,0.0212433990139943,0.0388909656545124,-0.0286545059630586,-0.0942135430222595,-17.9600108448423,-0.218381269761056,0.0392726715627145,4.68877959165212,0.785467176494147,0.050497594446774,0.0193176718594614,0.714856777348109,0.259777984286674,0.16299910117793,0.0201388801931693,-0.000837299200504835,-0.00143323240315109,0.0121357757943187,0.00248203884104691,-14.3200022980811,0.247551656921036,-0.0413170278303799,-0.189141139386567,0.680650952693905,0.00759835862447371,0.000253183930141743,-0.169473661519799,-0.609659609179715,-0.00823821149564231,0.0139884797347797,0.00152692157993109,0.00223812448870538,-0.277340142076512,0.0488184531717232,-11.527214583133,-0.857468876931733,0.0497240766391824,-8.8952541392238,1.01813566444835,-0.00437566550515495,0.000410664073936418,0.286613278555709,-0.0863312982528354,0.00144398366622682,0.00252743577755376,0.00268247616292142,0.000612528099754603,0.594912475616384,0.0354249153228783,10.8589098103746,0.189131264002604,-0.0545193050888221,-7.8792341319508,-9.56239721189477,0.0038794410525731,-0.000318960140193665,-0.113782114885466,0.155959859282404,0.00448538226018515,0.0131057195519633,0.000297966791738645,0.00111945428530647,-0.252782533236453,-0.0643164295368604,-13.8480408309559,-0.479326694222114,0.0167819383176833,-8.90299186288493,-6.88937742089513,-0.00216755740610151,0.00235885381101437,-0.0248867174231387,0.0668668498491504,0.00701424820623825
0.305056912113966,0.0366755303158302,0.0779863141675647,-0.0212310991248469,0.0369721694226095,0.802475856829618,-12.4419612418882,0.135044513462473,-13.2177322735283,-18.3634344434169,-0.0623620906979026,0.0324771212667058,-0.776299795960871,-12.0899933935161,0.330460117155244,0.0667565743560542,0.00299323450076804,0.00170590420571219,-0.184417511280261,-0.00470490156746884,0.313568260485572,-18.1984468522748,-0.0796316700553983,-13.7639071975777,-15.0903551911316,0.108470670879549,0.00405748832410384,-0.088771646429377,-15.1392605123406,0.0474515496197459,0.0712985838145124,0.00894222821763845,0.00211296069319475,-0.152167503596313,5.8706554920254e-05,-0.30492063731,0.726734034027921,0.0464194122049741,0.243470334737077,-12.7785905402009,-0.0218082866945224,-0.00956248794397769,0.0328700949374989,1.00408642595216,0.0600498309793711,0.0564366880097192,-0.0063417448298069,0.00147118278274825,0.0303057197000488,0.00644204890525961,0.330036633328859,0.18415011145911,0.00649868840957853,0.302727972686109,-16.7303215157025,-0.0145206548062828,0.00332643420298556,-0.073404736376191,0.414769064380174,0.0366496216346309,0.034013745119102,0.00049678552117555,0.00131256129183103,-0.0802245106155097,0.00140533190163047,-1.31488421250761,-0.68454978809568,0.0605908787031078,0.453595414064803,-15.9251335183808,-0.00608811462082147,0.00367581854546097,0.0100479488201557,-1.04040912879051,0.0273839750845388
0.307378690235847,0.0209591042546769,0.0763218899553128,0.0349020789528474,0.0144261330313316,1.30333150646309,0.0470123007701155,-0.0080344816671028,0.13889516774717,0.234867011135187,0.0526559300889727,0.0399055470737877,0.0418067429692005,0.0429678415129531,0.19216349480408,0.0464678510999234,0.00127196032917043,0.00108994560349484,-0.0387680453179251,-0.00797077050918336,0.441840213540556,0.0127530169382891,-0.00931501959555788,0.00572960132031668,0.102542888683321,-0.0297924122738203,0.00115580557023975,-0.153119733800788,-0.0647571290939733,0.0442130997015413,0.0244009893175719,0.00253952529628136,0.00205818581107833,0.0580737033698047,-0.00478920968702572,0.0436859838018934,-0.00251698483680539,-0.00258861158021842,0.0605017026717868,0.0363511100363247,-0.00382224200157645,-0.00294837081003148,-0.0225724024336515,-0.0060071411441797,0.0223131897793511,-0.00591836107795642,-0.00237126024469768,0.00146780243861609,0.0162461001466001,-0.00340521508380349,-0.213797820171281,-0.0113488299912031,-0.000763132037493239,0.0613591120982005,0.0777276212720593,-0.00970282735945884,-0.00210544032043455,-0.000313063950052828,0.000721587082764208,0.0401363855234121,-0.00189452774752754,-0.00893471107897485,0.000924553666958559,0.00229846993451438,-0.000218856934650932,-0.136110157370955,0.0415486471119976,-0.00312211524840515,0.0560904301132252,0.0276863279433583,0.00688186980375418,-0.000367073158568472,0.00574642200453444,-0.000218668425407827,0.0258175057239513
0.13737655784153,0.0108277855320612,0.0586333367824562,0.0437072301272141,-0.00023032079587748,0.238882224715571,0.0157693713332536,0.016655656551906,-0.0738298019177696,0.173865670373369,0.0547385763773816,0.0264879733611068,0.0892844491521587,0.000497804680316461,0.169438760773831,-0.00552863409632768,0.000304234335411089,0.00408055728803399,-0.00445616813016569,-0.00128655375980403,0.020111596136274,-0.00403445667229174,-0.0033864763962736,0.00718717111871425,0.0362459605639618,-0.0058869270809001,-0.00357354380216952,-0.0100280562873044,0.00112789494694546,-0.000412730426487572,0.018238138974569,0.00521802973329117,0.00258664342046051,0.00819420564872958,-0.000410262719543626,0.0302741161960214,0.00786928358301056,0.0032230256838357,0.00660503471598265,0.0119762778730388,0.0209634185275477,-0.00210685600024133,0.0112192156880822,0.01044740578863,0.0135566484455481,-0.001019486287875,-0.000629963394779318,0.0011096382950083,0.00863007466684245,-0.000378244553678521,0.0480745989816988,0.00936384702749882,0.000564375897448602,-0.00146693596185496,0.0410340279005989,0.00153299333488134,-0.00192511236461741,0.0138460390985014,0.0127403171878017,0.00909537599123088,0.0120292351781773,-0.00349465786963212,0.00246381084635126,-0.0157323615748825,-0.00253001807527008,0.0100890491450435,0.00962656402115165,-0.00300591552040848,0.00380194740165062,0.00373684258530247,0.00538431832025363,-0.00851115586831162,0.00551274831459046,0.0244257734994054,0.025251578588836
0.288650157023825,0.0408631463093711,0.0732528598524269,-0.438280536037906,0.00174172355398242,0.409991510472726,-12.8994731900767,0.109647483319282,-11.093512860896,0.300117521643737,0.0962893111195367,0.0124691390873964,-0.614814488107959,0.0558588582152515,0.312337745294979,0.0694346942564546,0.00375063243354537,0.000997366571867598,-0.0219460387080882,-0.0180680250912593,0.20942772665204,0.353814439350781,-0.0114325353263544,-11.9636661691976,0.232940202677116,0.0711226687668838,0.00360472102716797,-0.199078594614931,-1.19097091326718,0.0514821609737525,0.0485305540867738,0.00724326309603028,0.00200783438079499,0.00192171252198708,-0.00130354002592414,-0.0142965350955401,-2.19539404604987,-0.0230375501550782,0.747709882163926,0.240774287066493,-0.00299554066027314,-2.70767096912635e-05,0.176377765685954,-0.0251732301662858,0.0763591730080072,0.0422958725952417,3.59384660961101e-05,0.000879913111138427,0.0571883006860963,0.00364959120206455,0.065557110607773,0.189827108555777,-0.0173798234737575,-12.2853086987824,0.369809990688858,-0.0306369458751828,-0.00383425903427927,-0.144494644637343,0.167814228413678,0.010434273675931,0.0290227553489708,-0.00945229837150652,0.000934521794309889,-0.0894407899265367,0.00136789220657762,0.053712208987052,-0.0258526563243249,-0.0153021577010589,-0.32015413968884,0.0850511951003537,-0.0015450295667225,2.55617729369934e-06,-0.00111333384632622,-0.00216924286041062,0.0480418541018668
0.311719888505055,0.0232743299741008,0.0782009162303221,-0.0935354997321384,0.0406036521521389,0.84377312530076,0.20877031684616,0.0353143214953422,-9.7496812394065,0.406559602878638,0.0307569746561981,0.0429699607179563,-0.26953527740069,-0.0676595598752924,0.282793531202149,0.0579278542847989,0.000769856354560758,0.0022984340008318,-0.200133084973027,-0.00583666637227193,0.327396314410186,0.0269819829068893,-0.0121696863290321,-14.3246386903599,0.418359161967495,-0.0387689851227566,0.0031718510264892,-0.148227837292947,-0.0416215628699142,0.036332316018006,0.0496972976054375,-0.00097227024264817,0.00209844053840676,0.0438206085090284,-0.000888172720696046,-0.298862304357604,-0.0294338245175623,-0.0129855968078007,0.438515385786347,0.0895899087889035,-0.0288834777423724,-0.00779835504419281,-0.0559092868990633,-0.0211197073326894,0.0507286803399519,0.00603529141742224,-0.00153773558212702,0.00152806801616517,-0.0198030385866425,0.00340403575008529,0.353993297632603,0.00964374944236562,-0.00361231060421935,-0.0915519365818034,-0.0697801072576936,-0.0180864423343981,-0.000431549425017878,0.0239641135385294,0.0150165054273806,0.0358797886628458,0.0107066018062232,-0.00372625849046363,0.00124168873974742,0.0328662113915599,0.00250316016380789,-1.37860595053865,0.0315395648118001,0.00195472789985381,0.0135497033192123,-0.130712248057578,0.00168189547093952,0.00123386708887311,-0.0288081081854462,0.00503942376619138,0.0385005549257429
0.205267511470142,0.0553393658436744,0.0668044465192428,-16.0969094466066,0.683925041854023,-25.0930225888462,0.17950211676153,0.00549858703825057,-15.7659324790157,0.259678713455897,0.461539917470713,0.105332243860782,-17.219466691986,-23.1652700345425,0.468919796388713,0.0642908752971433,0.00129081363107942,0.00195063078054581,-22.4933721236121,-0.849133249981118,-26.8634678516059,-0.128685359485829,0.000840594415901529,-17.9114428240399,0.270660923527519,-0.014474029494685,-0.0264939791960986,-18.3252947073471,0.488973706326241,-23.6365430349626,0.0183463188885836,0.00267434949770894,0.00208538338829481,0.838435057637352,0.139372450108977,-5.08738753915974,0.0951098410433342,0.00375593629134345,-18.2660092778166,0.389344443662703,0.00221333718083079,0.0324098427898419,-15.6508959853852,0.108157231416488,-21.7727535287783,0.0205624356833027,0.00249350150026411,0.00288339608986813,-0.131220690222361,0.0280955761166498,-12.0601908451302,-0.0660342096249516,-0.00248863936814631,-0.270771115957405,0.234515134816185,-0.223888881619417,0.0110081054915685,-16.2642083502001,0.0942372996598575,1.8228997085081,-0.0130156540710679,0.0016395044671672,0.000550419553104622,-0.0448137058916671,-0.0917446798026746,-13.7125819895883,0.0271110870776161,0.0057275269801567,0.0105534090738534,-0.00135689974933781,0.0421427562421857,-0.0304839946970835,-20.330649529514,-0.232460278858004,0.065389622737413
0.209472109883876,0.0611100663819478,0.0702342327405695,-15.376569598025,0.344469548084577,-16.0719879297876,0.085307151327628,-0.0294532524385033,-10.9548701814551,0.447774064047689,0.508529794308628,0.0846953256453688,-14.0729031646735,-16.1870580841528,0.169170396322333,0.0681087079966658,0.000617115089505361,0.00313516683059483,-0.0930531507113005,-0.103340539292315,-16.8845005410086,-0.0891763970844738,-0.00506808511124414,-12.0032745834414,0.226151090039239,-0.0487693666401438,-0.00683742522960629,-14.6917873881634,-17.3063601811047,-20.997273159123,0.0235978466958643,0.00215249449608011,0.00469224398169865,-0.0590406959212901,-0.0562489535429291,-8.52222784318272,-0.00235965876390261,5.19894518634925e-05,-0.0333768554343972,0.166752847783598,-0.0483329200543563,0.0205325686840454,-10.7118232794394,1.00928328282599,-21.3286509686109,0.00589743236024136,0.00524872006694148,0.00343111352920224,-0.045996553749899,-0.0515072708442242,-6.66121714725686,-0.0337925865131841,0.00363267254507867,0.0254985075718341,0.309959145265799,0.00520584651104303,0.00607759461768003,-10.9686907277458,-0.291041014170049,0.73479957859698,-0.00989041609455662,0.00175020034075467,-0.000113767668627785,-0.0316212532490812,-0.0405406641953411,-7.58370261180381,0.00566215471667272,0.0126621609703353,0.0386406002956784,-0.117185521209253,0.0808443490789059,-0.0161214989045819,-9.77505081380888,-0.421225009348083,-19.8564637161059
0.225970765373097,0.0560047433797329,0.067843718160048,-0.0458400870839599,-0.0417830769168945,1.60773245466248,0.236232595491693,-0.00616376456834231,0.0459153242805622,0.323254485239951,0.225305375746852,0.00767204559730259,-0.510994409462013,-12.7894981781914,0.604103171123369,0.0590667157240333,-0.000323355434424505,0.00155653616600983,-0.145135688357247,-0.0563978684363699,1.40410165940873,-0.0431159751980897,0.0115740779992695,-0.12650748457597,0.128668456008681,-0.133975661022648,-0.0384465092398012,0.236548663533869,-0.504049848013507,0.668371870902015,0.0160696404994552,0.00448351370512956,0.00218465546745016,-0.0548183291623149,-0.0605335222353662,1.21299538077512,0.0565820704337563,0.00578602126783643,-0.195533455162354,0.119281974401078,0.0171120864563873,-0.00739977569251009,0.116050595606748,-0.218185504493704,0.257988434152046,0.0107176751093077,0.00315887287784838,0.00342741146575606,-0.0506785527569576,-0.0378815055181105,1.14423140083764,-0.0918051125863694,0.000352125733152352,-0.00638828184275169,0.147116973360267,-0.0138199085724684,-0.000165038788792993,0.0542866682066553,0.236730594289531,0.157263944576578,-0.00978841460750077,0.00134775164527627,-7.71199236356354e-05,-0.0518248606436597,-0.046287639913399,1.01698466620128,0.0195238086608645,0.00906450810991514,-0.0360826101718405,-0.0931738479684537,0.0411928295530438,0.00490312646732926,0.190661611293592,-0.0584055105651909,0.0347296234638607
0.200543898898696,0.051250232548032,0.0654799651631867,-11.8792542639881,0.456647838601858,-16.2574664988956,0.0261661912472315,0.00272660544780259,-8.90642424141868,-22.3562526919007,0.477095788200428,0.0711551230132002,-11.5269036019388,-20.0829978991807,0.272434960289906,0.0670192093669755,0.00318788880487239,0.00144098702566959,-14.3728422223133,-0.924489693320702,-17.861889478274,0.0235097019408016,0.00478902207830971,-11.5139132426913,0.20709492577755,-0.0061201620730926,-0.0184032098693593,-14.5506803195601,0.594159304762642,-19.9917377200287,0.0215937704681277,0.00230893188137399,0.002537761023922,-11.1016185698961,0.233526637269488,-16.3638368415587,0.0384420473325511,0.00188138172630311,-8.96333965551352,0.051364595896543,-0.0327279561860542,0.0221257835991286,-10.9780672058242,0.256750980303336,-19.3605651494052,0.0250942373869649,0.00176152403828601,0.00247474389069312,-12.4150217823593,0.0534555534178375,-14.575828358824,-0.0497544904311803,-0.00547052259514878,-10.6154432120901,0.251152056487963,-0.173604538176327,0.0182168741149434,-12.3186114343455,0.23187704461521,1.69881723510656,-0.0118564137974921,0.00161306175155936,0.000765787060066586,-0.823451303402167,-0.0311366890817688,-14.4224406738236,0.0532208790903412,0.018976798589701,-12.9658454881096,0.267148282470988,0.0591372239263172,-0.0208998646935912,-13.7869411604948,-0.224428296962697,-0.129631663204045
0.197075120520003,0.0435192173532353,0.0620530080755273,-0.0213863531354928,-0.0284077739731977,1.28861809097528,0.206761656498506,-0.00224117263831569,0.0527304235871889,0.400721003190245,0.13112873245342,0.0246704939747138,-0.42679561719889,-12.5732204552211,0.514783641288038,0.0493359193236934,-0.0020874425510951,-0.000458850708346541,-0.116510270689968,-0.0416971097158616,1.1025888586612,-0.0769409615035834,0.00938942570127562,-0.093683284331102,0.159803275009289,-0.057525326608047,-0.00520675550180852,0.116451704405092,-0.0767886492138772,0.428656296467264,0.016496275884096,0.00186263265003309,0.00097647833168134,-0.023097911373764,-0.0483241174250299,0.948505544651355,0.0638663549967074,0.000990142016818729,-0.172443930585312,0.154865372211468,0.0788951914258149,0.0050955393868009,0.0089191249849805,-0.122612107969705,0.165999122523822,0.0226306406516703,0.00104635692644667,0.002291118215518,-0.0321240856935948,-0.0292575575617915,0.870174420940742,-0.063836285589037,0.00164870136930919,0.00987389168771977,0.146332090352402,-0.0347996945646317,-0.00658714399007094,-0.0269898127338105,0.152070531456211,0.0971628970334518,0.00392244257646546,0.000113943001715597,0.000815771670775827,-0.0232297249927808,-0.0374614266573167,0.783255429093726,0.0401186997709016,0.00595133051587514,-0.0220048720023995,-0.0626680070281018,0.0260191383238202,-0.00217129573587688,0.0649346420456688,-0.0437975556312587,0.0175951452408867
1.54853081768906,0.0404876096531966,0.0958525846325843,-11.2098152956037,0.0524627080458774,0.860838595811695,0.207816023368,-0.00329461608671994,-8.55926832670647,0.5999976687778,0.22936534612809,0.0873658675481461,0.232325688206699,-0.258677921758822,0.451723456316187,0.285120431090994,0.00327986033503045,0.00389354165030183,-10.6546106352236,0.00978969775910667,0.633205790353784,-0.0282529336295753,-0.0349890268704798,-5.3943834936883,0.207406743731918,0.340955353179342,0.00406867113366784,-0.136842272378239,-0.0568368932692467,0.0198291304484278,0.35685690984968,-0.00350278435691063,0.00319182553467568,-10.8192252699054,0.0150996848277274,-0.0615339119002673,-0.092199214264943,-0.00920939909849543,-5.12672453837167,0.155820517993634,-0.0159283814644621,-0.00706426779437854,0.060663456309426,-0.0180234031798429,0.124968013833971,-0.198063837132381,-0.00587053121985331,0.00183538449687737,-10.649300616683,0.00280041951451447,-10.3054462860597,-0.13829032452661,0.00818566311822632,-4.82699425297851,-0.0992202234628117,0.100846778839737,-0.00624816375267448,0.0551236102097914,-0.0747321969288993,0.0834161040340322,-0.19109412186565,0.00159844039955013,0.00215876147422439,-11.5250344399687,0.00750342173387658,-8.37908567511431,0.108930153018613,0.0081304784653695,-8.60190955669592,0.107436132007669,-0.100782907220817,-0.00848292962604924,0.00896308885912947,-0.0442547890052108,0.0896348429668056
0.777113883590489,0.0558480120732388,0.095819687592031,-11.6407261751175,0.0526928283334397,0.85459131508696,0.0403025198040359,-0.00551720971307304,-6.38114598379579,0.199804544350212,0.294110351223854,0.0726813342729774,0.234485355361259,-0.0573459336353854,0.403077003404187,0.213969205288337,0.0102344440072871,0.00373473039964362,-11.1369765551906,0.00912909807325979,0.62880871001175,-0.0782656783398977,-0.00679463264183228,-4.61172759868906,0.0921887696618164,0.0834264897278068,-0.0067962042334488,-0.15535093290654,-0.0613813656710031,0.077842445528211,0.00909262727813986,-0.0147306939112622,0.00267817748878058,-11.2284606889923,0.0153207230164238,-0.0637183652450681,-0.0369057682458226,-0.0147877408630637,-4.62406354906596,0.086555576896304,0.0659020366135084,0.00244899562353315,0.0634018272359454,-0.0295180629928699,0.0433504816488976,0.0389745683989771,0.00234072316586681,0.00110304744735752,-10.9562656345012,0.00194641168146366,-11.308300589722,0.0010192260977149,0.00560865536042585,-4.63045764966916,0.0341019815119011,0.0411775026795056,-0.00722793888759422,0.0513312388391771,-0.0335014496249021,0.0570820891858253,-0.166585894405499,-0.00554730660789923,0.00226707321265658,-12.0388280834572,0.00670553557390772,-9.38605912059867,0.0430763180950522,0.00467885068575842,-9.07903083523887,0.0530205372678485,-0.0218043734753262,-0.00762323794395686,-0.00094357001895818,-0.0142741463176497,0.060304870919097
0.372069460752129,-6.66750964468287e-05,0.0759875966701049,-8.81307512136301,0.0553429267567553,0.8314987133672,0.0416015710480253,0.0244221074452144,-6.10963736498928,0.13066564329166,0.0448719490303847,0.046644171444911,0.217745189254075,0.00923162309688473,0.245686008312387,0.183038867597808,-0.0330035078054745,-0.00126483293749205,-8.78973592403314,0.010322871898835,0.604026745284876,-0.0129710189540484,-0.00262094377821143,-4.4112873473866,0.0250042970909858,0.0271666509733327,-0.0142994965960866,-0.162712057992932,0.0108378895437863,-0.00734857599580162,0.0960869774607258,-0.0113825287931541,0.00271380556627347,-9.40355486390071,0.0197970221863624,-0.0703390769230492,0.0138842167133333,-0.000914766387883648,-4.41555957309665,0.0507507637325465,0.0106488319663759,-0.00130849719236368,0.0585995805530035,0.00255894542439338,0.0193044957014068,0.116925344293822,-0.0133369465323975,0.00174551998737806,-9.26260994127438,-0.00046204818280833,-12.3277040420609,0.0258862655109032,0.000739519579585949,-4.25159888200396,0.0134723609209746,0.020356853591466,-0.00506171296502079,0.033850909832329,-0.00126135585315841,0.0155782070158541,0.0760446949523586,-0.0095405649775158,0.000621104631014804,-11.725676945094,0.00581117993144465,-10.4495773208282,0.0222566485558115,0.00333213921578962,-8.88023842597676,0.0220401968181964,-0.00489765021183307,-0.00445986187335294,-0.0197713188151259,0.00858397087619939,0.00567705061279462
0.463389538372622,-0.0220959204890208,0.0871682718028405,-10.6106418246885,0.0553114397692917,0.838317263117564,0.0572908033390344,0.0296016896777772,-6.47950626557255,0.192235322366554,0.0410730752966787,0.0960616070373282,0.230082136434119,0.0249888658192747,0.34759431801929,0.220649501596676,-0.0347244231542213,0.00274128827986359,-10.2474795391903,0.0124823020419731,0.61602410089456,-0.013179055875596,-0.0205068083012349,-4.64149696288371,0.025615772157211,-0.0558488011247049,0.00152585503433888,-0.148937216858779,-0.0136899446578294,0.0543452157612266,0.143953693114165,-0.00621690381488919,0.00586684815958687,-10.6136526572682,0.0193358554824523,-0.0843888071140041,0.0153322508242748,-0.00940784651670608,-4.56727148907556,0.0585023763543723,-0.0210384083168248,0.00439939090406109,0.0462743412619753,-0.00262657518193344,0.0966865118778411,0.0338261040169206,-0.0110892471101962,0.00321716514747231,-10.5196797296769,0.00410919987190281,-11.2351399876804,0.00730421293557775,-0.00195113136390663,-4.21284940836476,0.0332834649345263,0.025631961673066,-0.00131187840391126,0.0562586744681223,-0.0364253450860358,-0.00411497954842899,0.0971981218306183,0.000726763785779195,0.00257226562826423,-12.0214780944073,0.01574673516898,-9.61580560315262,0.02094218225528,-0.0026857490911221,-10.1976051194131,0.0109615145559706,0.00578293292616453,-0.00619728095914376,0.00906241730195305,0.00693950942164734,0.0487862489621133
1.69362657390662,0.0543758296287662,0.0987333353816481,-11.7206320009993,0.0587295403968827,0.881161181993961,-9.61332304534951,0.0132489558915099,-0.858279453380094,0.39200618526999,0.347448606335479,0.0874031172051056,0.24212226456374,0.629465541788695,0.577624382740893,-16.5960101759668,0.0171647733979311,0.00380262704699478,-10.8413975958507,0.0060305305601052,0.649989047035634,0.0664130951916155,-0.03196266186594,0.581298348731391,0.0754381914391809,0.157956210570508,-0.000210734662202834,-0.151387467955007,-0.0914561007374073,0.0377099431746692,0.371701760046066,0.00100198842118792,0.00548189233315844,-11.2825435705772,0.024621641728727,-0.0538024849705883,-0.127994117156979,0.00141598637225439,-3.82592876198594,0.144075487615846,0.0433257682303342,-0.000919082392391204,0.0825468287707938,-0.0771282328841224,0.077365659552014,-0.323491513843435,-0.00400141171083851,0.0014246158818911,-11.3025688094279,0.00115183781950581,-10.4563077192671,-0.113577833515406,-0.0101088876747472,-4.13517200232706,0.301770086396328,0.0310792720418726,-0.00938063907997604,0.0542422075512376,-0.0175427271957111,0.0801793347072817,0.385814378956225,0.000336341447736469,0.00247119979740715,-11.6742141198536,0.0183435658886395,-7.783610041996,0.0338886081387698,0.00242241513686361,-5.82056692993066,0.0292605477226857,-0.0243083966258272,-0.00225499638086026,0.00508602316381422,-0.00683047939248882,0.0471193612110004
-0.143128383806944,-0.0147670369738593,0.0459153216106867,-19.7403074093384,0.0198104962029848,-16.2246861107381,-17.8659138217204,-0.129473153222891,4.39486274324625,-18.520816979436,1.99571262878734,0.110843367969892,13.5500885643636,-1.31784434853959,-1.56401741502822,-1.44755448432371,-0.00226890066483806,-0.00433161673568262,-2.66784201309338,-0.202207603184427,-0.750496553189796,-17.7719628196407,0.153568692533906,-1.97689108829574,-17.5269041184037,0.217961960250545,0.00179398372975262,23.4165177305143,1.85363064695038,0.446287370823903,-0.296609748058981,0.0329639746524447,-0.000615337297429958,-15.0616490990687,-0.148999018427133,-38.1887504674606,-0.901780069320052,-0.112795398769503,8.37059291755473,-12.2371669835246,-0.988690957271458,0.00476577889356199,12.1870400009275,-1.68610334697946,3.28655396054546,0.198907662999885,0.00324691576888372,-8.74126880284857e-05,-14.578187364239,-0.0302731585029591,-33.8030336706594,0.960552563733245,-0.0388823200485466,-1.197422808418,-12.8463445718943,-0.284182385702784,-0.0283335638159017,3.33819703895335,-6.3273934868543,1.82587258567561,-0.717035780759714,-0.00553210666489066,0.00263057043161765,-15.9921498963321,0.0023124810134682,-3.26146512300735,0.646069502853499,0.0765348853019646,-7.11832696388255,-16.1644429479366,-1.24681167994965,-0.0571472734396666,-14.713517471274,-9.43069683022784,3.95471485740269
0.019616487370065,-0.0133349161378416,0.0429566454488496,-18.9257973037272,0.0174945774811607,-16.7877036072724,-17.3506679662224,-0.188188653923311,6.55539955309309,-18.8080767328704,2.03563382001667,0.0998691160143907,17.6488935087701,0.276940944920547,-1.28348296726873,-1.24373896155246,0.00161344348556866,-0.0036695183824727,-2.38631063657791,-0.166922257054453,-7.10615161674609,-17.1096435771897,0.0572302715778899,-0.250417721834739,-16.1339356028213,0.527092497529258,-0.00416177959317036,26.0514023429579,0.571582086222157,0.774680712492786,0.00464247944901667,0.0183772500585123,0.000685256233466716,-14.928639513536,-0.124150606634339,-42.681967957707,-0.159878585213736,-0.0680791775737954,11.2122350277277,-12.7390997321951,-0.758713263890014,0.0026694570754226,13.4180530102289,-1.55214671427692,3.68208043890918,0.504956216615326,0.00226914110515928,-6.15220720362998e-05,-14.3918897365436,-0.0436752215760544,-39.1038294437673,1.5110692692503,-0.0123302800474837,6.09755322530261,-13.4391761724786,-0.0609635503898419,-0.0298942401048974,4.88142843730118,-8.13490450299025,2.14945476544775,-0.536725107666211,-0.000877116813443322,0.00172599904156234,-14.8642493526523,-0.0389953250696976,-8.76423932127858,1.00614715469644,0.064204625294718,-6.85512528418662,-14.9689557193733,-1.04064348151655,-0.0633151511819448,-16.9989052642784,-8.56533256633674,4.16785779065832
0.199114507871147,-0.0156630864691678,0.0422378074093901,-6.22894676213553,0.0212789438146106,-16.330735971509,-19.6096193892584,-0.208088897969862,41.0825594015037,-21.9221153785093,-2.08474703888274,0.0850919397407732,5.22713950169724,-1.06958488944781,-2.75869838327145,-0.691278134308216,-0.00236653029151706,-0.00308417925837142,15.2459137088367,-0.160382833754638,13.5670762207097,-19.9304177988696,-0.00302235362711613,34.2534502913002,-18.9502552227957,-1.228529028278,-0.0130772773086939,35.5665148712078,-8.77518532385443,1.36896371040822,0.253012710319817,0.0180166407429477,0.00124944960231745,-9.95311271114292,-0.141201897339944,-61.367801643802,0.578181753095554,-0.0646016014890952,21.2251896382961,-20.1277675069262,-4.43153086253903,-0.00775933504527238,18.4247498347631,-9.02074195129874,4.92741971828635,0.394000975311034,0.00337106993857547,-0.000146650746828051,-11.6609602429322,-0.0940015012421152,-54.5810205037952,2.02353115856755,0.00780296911132847,10.8546000276177,-16.6047034812913,-3.48878002942527,-0.0350415643341515,12.3748374821878,-10.332159278179,3.4804121897362,-0.830161444785806,-0.000960367018463222,0.00126494869662836,-15.9378391215939,-0.114672809332985,-30.6978246506382,1.25241316741504,0.066865507992713,-7.79195457345322,-15.8164073605516,-2.01644693934673,-0.0665620283287124,-26.069977919872,-10.7264246691868,4.70172485989179
-0.100426927641866,-0.00496148955059663,0.0417226826523992,-18.7553439987278,0.0366104928505324,-16.9037422060975,-16.5139530055749,-0.189019141205373,22.4304669329585,-18.2493956294067,1.90453424074498,0.0914363204544749,13.8790679341988,-5.42137157532124,-1.45025573159108,-0.840156381236001,-0.000381178034368329,-0.00287827242203139,-2.03949622386366,-0.143494967780767,-3.85610270055669,-16.74434058987,0.0155132414665136,18.6322652296216,-14.8493829672631,0.40273958843325,-0.00259821374547937,23.3721509543137,-1.2066888419432,0.662448683029148,-0.245858299449948,0.0189226191872573,0.000635314077836874,-14.5721433570167,-0.114655609014047,-40.5780190499757,0.230196838465305,-0.0485708606148611,23.0915334844414,-15.7464843593075,-0.892164492040609,0.00141599011997098,12.0340584181361,-6.20296648171469,3.35123755119789,0.275814842910015,0.00605057869642552,-0.000307279313262567,-13.6474188569873,-0.0417286118740763,-35.8853706120311,1.41532205183919,0.000949676479783898,12.6842278639546,-14.8202085693695,-0.0714991898957149,-0.0290588326790194,4.07298641611252,-10.334365778353,1.86835369282796,-0.764983895347953,-0.00420947492890964,0.00181818343445773,-14.5754999027263,-0.0321205989464535,-7.82593532036071,0.940574452791373,0.0555415846973784,-6.12599405969318,-14.1905177391549,-1.20213692541883,-0.0518832415447734,-15.5687814140124,-10.5962537530085,3.85974560510228
-0.410743260716843,0.122595062116248,0.0851408763580222,-3.01600595146165,-12.0881499852529,NA,0.0498894730012504,0.0173265535503215,-18.2380353238052,0.154983527015945,0.0605462001638037,0.0915616660792788,18.0570984260462,-0.0750550152084104,0.108114408957901,-0.673146105196087,-0.049820446386138,0.0170299623174568,0.951125909777516,-0.377930884490414,34.1619820793738,0.0376814472867957,-0.00307343034244894,0.253971719040193,0.0322715152350708,-0.102136532152312,0.000111431176322097,0.418838036612998,0.0164152941049416,-0.0235900790499651,-1.84479063033155,0.00968649856312229,0.00713138301989773,0.872111547217343,-0.10279572649038,13.8693291065239,0.0151462585580961,-0.0100722963408446,0.250083496495453,0.0387339744697757,-0.0713522734400523,0.00100760798982737,0.348657506338095,0.0343495177593838,-0.035662233922858,-0.135643313907072,0.0228634422044524,0.0032964496844944,1.2554465213993,-0.0513439867856785,24.609706969862,0.0565842780274891,-0.0175065817545466,0.0362511200184737,0.00506999173837837,-0.0166717517574041,-0.00923886722358483,0.0452281626426131,0.0165079896743702,0.0110159956590337,0.148510259001144,-0.00392516565127085,0.00889922426086493,0.363768177393394,-0.219413037687692,-2.04509129575554,0.0751744082083487,0.00229001374234193,-0.099257269269803,0.0163195905217418,-0.0515492292820728,0.0183146164732853,0.167749593178886,0.0184166020831742,-0.0507694229163152
-28.4487779542974,-0.0462421201569111,0.106171314538819,296.258663050068,-13.134686261665,NA,-26.4202285621558,0.0888737467794737,-26.2595567625599,0.510605130708083,0.0801774906314424,0.147215843837949,31.4543244816457,-0.0385405798993792,0.137247149020183,-32.5599029800382,0.0141378085070691,0.0107354340401146,21.1777689053622,-2.17556582793598,NA,1.63007901086666,0.0752195054762057,15.7863974874798,0.111452773486122,0.19440726917667,0.0105236167637648,14.8810744659923,-0.79854697895247,0.321000548286483,-17.7661938409616,0.110430482204943,0.00463292357688502,79.3582073464654,1.93430102552911,NA,-0.210229430277532,-0.0439206359713669,-14.2399725425325,0.500185879332009,0.29518210883011,-0.00990312140529653,11.19171785978,-0.0588112413264492,-0.133531347380339,-0.48666487832225,-0.0107945992017794,0.00111196417042875,183.726823769679,-1.47281288291922,NA,-0.645367125215757,-0.00727426474322535,5.48587131775122,-17.1364255712823,0.285200368868166,-0.0190525245760079,15.3884978517313,0.00269610561077091,0.215980571161736,-16.3909368363016,-0.0458419859087517,0.015658468141675,97.3342314368406,-2.27661265271625,NA,0.376350866450198,0.00745877171347652,-24.4564462859567,0.000758526143036933,-0.362104105595377,0.0272239712053,7.22973597690148,-0.018623255354332,0.0107858358583635
-19.4955982982182,-0.0152631060747343,0.0847797349421148,62.0718349937819,0.759045063160885,NA,-14.9205228578605,0.169959141935135,-0.852162114910841,0.56660736629171,-17.6779366188227,0.137197636888004,12.4230137779258,-0.269662714228499,0.198062487339878,-18.9116742214041,-0.0627480838464943,0.0194683928296211,63.613544574907,-0.695533098088659,NA,0.750316367228722,0.0108204689312915,2.0295739966335,0.210420600702276,0.354239395573114,-0.00383658759030467,7.37898255408667,-0.531684154809218,0.613407650818364,-18.1448533833289,0.0606487559772368,0.00247788947418343,47.8136491102996,-0.790629814471096,NA,-15.9266224513215,0.0371402549122527,-4.76916519826338,0.445729358576431,0.34189197700852,-0.0161690036200258,7.31323911957303,-0.459515436364378,-0.123483171285705,-17.5123200274477,0.0222156120797028,0.0033863395424439,50.6879834944153,0.536549785769045,NA,-0.135928902467984,-0.0558249509027111,4.14004375990108,-16.8336048664891,0.0877219491294828,-0.00661611659835556,4.087434193063,-0.111360177358945,0.21747912602341,-17.6469274334923,0.0175027233444918,0.0135902237371118,33.9536621931648,-1.3160092041098,NA,0.0576503245886717,0.0460099849429768,-1.2930101030073,0.203271093257097,-0.210899175475102,0.0251741642544981,-2.52124840414786,-0.272359778287185,0.0389684037256882
-18.4686991403104,-0.0385586739294043,0.0873721086185721,31.0852967736048,-4.22510116953187,NA,-16.2514943726643,0.195188717911829,14.7738909595914,0.910400142039277,-16.8856478752185,0.114681010484966,2.05941087538652,-0.266627700534216,0.517016178610741,-18.3003768225836,-0.093848131073813,0.017169644259949,18.9498289588808,0.631414711213768,NA,1.06817369787542,0.0046071576641791,14.0668730113083,-16.8398809172557,0.118427331102846,0.00501048955802999,1.37000777599678,-0.626839206739724,0.279958302569047,-17.6478258681504,0.0590920240022255,0.00783728698900347,14.4850782634638,-0.0453546774073401,NA,-15.7648586404205,0.054002050585041,3.23939609310834,-16.9598361631025,0.180661520060698,-0.0130016514883446,-0.78836593623328,-0.264336764372588,-0.00541782209559317,-16.5914075928774,0.032817090009608,0.00271157249732035,13.0679557835218,-0.20657104258926,NA,0.0861643392519074,-0.0422693883612058,13.4136205654468,-16.1800012161532,0.00579907887855028,0.00878554983227249,-0.795497292860459,-0.314429195504661,0.14122672318333,-16.6438385746688,0.0219076742461907,0.0151654199239451,7.28036548977023,-0.204536724827907,NA,0.506899644539851,0.0236978764397631,10.4740069048662,0.12482179212248,-0.25885462144098,0.0166551304940448,-2.11088510787949,-0.581413936713533,-0.0499894207293366
-30.2673562621918,0.541189943292301,0.0873363464988108,146.590450231455,-16.6802600197386,NA,-37.0098749494389,0.109582819772639,-20.386799509411,0.509533259574213,0.74907948361907,0.0314747712348126,7.15531533238193,0.0251608667365982,0.289047239325763,-35.546439374458,0.0571880779424154,0.0172936986301101,155.675644887578,-2.40477967798802,NA,2.16765718311723,-0.00791999944715376,6.27817068070737,0.207550936436355,-0.147856018655658,0.00920978962488802,14.3742440265741,-0.113887172635521,0.277866403168356,-23.0941984253827,-0.104036764012719,0.00469039431938444,114.774955973002,3.82631793336066,NA,1.88035756749235,-0.0360311889536192,-4.24803724487081,0.0951908154472654,1.1036969252895,0.000259804038048803,14.3673734611034,-0.00133827132231515,0.018021862291135,-6.77020426121004,0.397922597853206,-0.000194702183606391,134.592621937775,-3.82672823405748,NA,-1.11388402497539,-0.00492884687063429,-5.9968681224069,-0.00383948959427078,0.68608708753213,-0.0325898374224152,20.9270157349774,-0.0795894589064824,0.213653499126809,-4.50656727725068,-0.000108992067959935,0.0149970671613236,82.9393036541339,-2.54653076039332,NA,0.0171920889760112,-0.00200658161885355,-8.37877943817698,-0.185604029508785,-0.0130395513371877,0.036581525904013,-2.13784518740123,-0.0342896494788018,0.00932522615262922
0.227823433919913,0.0220980162080079,0.04485988939485,-16.6140386884266,0.219998173161718,-19.1860602176897,0.00647773986105904,-0.0131045975421878,-14.9390705946382,0.506190463502768,0.106670232355505,0.014246130188247,0.864480452694991,-0.0344768603379816,0.312606308735846,0.0400530312710021,-0.00287211493760059,0.000600294301886613,0.414633433524598,-0.198611161037921,-16.866423332916,0.0823646322733008,0.00508121569443015,-0.752624416859095,0.374293640764678,-0.000438652831783333,0.0040036298193196,-1.55843137350607,-0.0373809295095606,0.0596015283216786,0.0573617857890304,-0.00477420394795899,0.0045316063254594,0.541831962612031,-0.14417827935427,34.5888248791107,0.0286376000953723,0.00536535092842176,-13.8354724104448,-0.0156640032742675,-0.00982509021764844,-0.0128942503501713,-0.225354235839516,0.00669285157028186,0.0483058207619036,0.0437724395975716,-0.00470132508668008,0.00212340928117762,0.268717029855007,-0.0356039023849804,34.8274899791483,0.0526827623801768,-0.000446459796260733,-12.1698651160197,-0.145351677287879,0.0264844856149624,-0.001197765994127,0.223254337201807,-0.0912906260809853,0.0422190066020212,0.0587018185240798,-0.0152868369202839,0.00430976487992664,0.867517295559372,-0.0671809702970657,52.0544762750101,-0.017360986494501,0.00513400489481009,-14.6961670826937,-0.279946369356849,-0.00580495610958992,-0.00852443525259795,0.115607227849305,0.0273179099030749,0.0252234890962309
0.153841905896016,0.019094300598507,0.0525334986860761,-0.619720281634886,0.114678064508525,-23.2894342139799,-0.025368835168381,0.00124476925756758,-12.8323163872931,0.699622480139963,0.0791570620202511,0.0223409768206223,0.11455884808759,0.00814749798366806,0.237614243642858,0.00922949161210769,-0.000370584892633398,-0.00143008511889266,-0.222189230556947,-0.0155631026615797,-17.9812710509001,0.0714682096890571,0.000236317915563667,-0.168480791816475,0.487053751049742,-0.00485466354557046,-0.00541689090074949,-0.567010104584562,-0.0228552879987658,0.0288972936763913,0.0158641975416059,0.0036431431654811,0.00116057070708362,0.166644144948146,-0.0637097645955295,-17.4676903603097,0.0170611637063544,-0.00276149384910907,-0.779779752061014,0.041956106392209,0.00286178762849602,-0.00398561568014428,-0.471346291830488,0.0301869560969292,0.0402077540281618,0.00275870279014272,-0.000862651788880496,-0.000161760718590898,0.137657552380279,-0.00341008622994828,-19.0205727824417,0.0254335326940862,-0.0090667113617137,-0.737886461828764,0.165345468846645,0.00692432392666671,-0.00508851927706952,0.270718185129982,-0.0301571865854897,0.0369365548291176,0.0123096461639829,-0.000786478933064896,0.000619561987344506,0.0332717315895063,0.058280735885841,-20.7407683447016,-0.0121850452439299,0.00977080940006144,-13.3755376959153,-0.177862063769173,-0.0038953322419405,-0.00439709348366485,-0.064810029277247,-0.00211494957964844,0.0154562860686812
0.166132642065192,0.020176601757417,0.0468006728769615,-0.676881977784173,0.124069106308699,-22.7308802788223,0.00352137216432831,-0.00394518485015211,-12.590490466003,0.689403218139887,0.0809328999306689,0.0191088774796895,0.134677618389555,0.0376923105142886,0.266976487814119,0.0130823607850182,0.00169766552183315,-0.00163289156166285,-0.244866960323463,-0.0160825533582495,-21.2952544012552,0.0601798829507592,0.00137124230508399,-0.349079875388581,0.528901007361943,-0.00320990635799558,-0.00224830990123652,-0.446530648426947,-0.0187916518102557,0.046416753479794,0.0108148413761654,0.00305702793536691,0.00188144853470627,0.157511778451941,-0.0636588038081377,-17.2965727937588,0.00497771346270586,0.000909808233290999,-0.767778084453562,0.0904155554421079,-0.00469302259237025,-0.00849501473906805,-0.53881847982623,0.0368195741999599,0.0484441564691583,0.00300424637382257,3.33464431901785e-05,0.000744961433135082,0.0712645325906399,0.00788345663049435,-19.6771566263273,0.0462104431741123,-0.00127965604657642,-0.739912347481938,-0.0274276424944303,0.0114692628942157,-0.00364656700855467,0.174020057992292,-0.0570420394080054,0.0431234752381083,0.0174429073388325,-0.00530735270541508,0.00220136469679403,0.107385141590508,0.0779536695284702,-20.7814206578765,-0.0276429765786994,0.00132790431870108,-13.6416085686489,-0.16796120261004,0.00168297911227847,-0.006310321944544,-0.142153221793285,0.0239258464912782,0.015601952637048
0.216655227490386,0.0224778872025652,0.0457219501077754,-13.3397863391636,0.203490022716795,-25.3388487700561,0.0233749321378573,-0.0195995691594495,-14.6315837000156,0.625940332741544,0.102265534883497,0.0172880611430608,0.818724147049315,-0.0477422437664416,0.306938844634736,0.0431110655081111,-0.00197280799290612,-0.000465801488489475,0.68669272232378,-0.322317585528668,-19.5907477095585,0.10292389010209,0.00381527516121068,-0.0512350140972601,0.489571754834726,0.00190574144338841,7.01733399753752e-05,-0.367215140634851,-0.0372039658749084,0.0419251564768159,0.0439661203649868,-0.00316410194481183,0.00399635395036442,0.868637068637312,-0.239499314654738,5.64665802099974,0.0278829102207697,0.00272525845114477,-14.6147712372349,0.0263821553645189,-0.00656138687395624,-0.00954959803979945,-0.175235013222832,0.0046716030221653,0.0412120612146141,0.0201130073074141,-0.00483104433208495,0.00181939782003037,0.488153478240672,-0.091990689749809,1.26601484292119,0.0554774902493424,-0.0016442358625989,-13.9249507578311,-0.0603158658702135,0.0194422247861344,-0.00213956362557905,0.173444572466214,-0.0968898639185217,0.0424270799334949,0.0442122094514918,-0.0117776470196157,0.00377310592466972,0.729663049424527,-0.0668193519494244,1.60528757591733,-0.0168272727460659,0.00273576284724098,-14.4301205392916,-0.290472913553814,0.000521385769457154,-0.00743559709065244,0.281027558969993,0.0247744074110937,0.0185143506198443
0.153910163599943,0.0181039317590322,0.0530745547416529,-0.66565860422756,0.125328988039065,-24.0163533731126,-0.0303516830574015,0.00198360343841043,-12.6537914676819,0.683793348567443,0.0826940035974948,0.0228011838449255,0.0909481906674353,0.00983286477493333,0.237432385791653,0.00698737341760832,-0.000252460690428298,-0.00157755907218817,-0.235776516988873,-0.00468858730352802,-19.1718774680188,0.0699929743754833,5.82910791481502e-05,-0.171003075428132,0.480528749582022,-0.00360474391506601,-0.00602099428889391,-0.769115989722385,-0.0216292052759415,0.0297830727533528,0.0171792683567354,0.00357577457307698,0.00119353355356354,0.155849927085046,-0.0551371296472161,-17.9587702978623,0.0167984860694269,-0.00239019608946917,-0.78157612424298,0.0354492311622373,0.00281017134131529,-0.00427526906743463,-0.542634422276545,0.0331192020002202,0.0407509800202002,0.00418108840742072,-0.00107895811401596,-9.8396578225394e-05,0.167562965603266,0.00400439028828093,-20.1529873821671,0.0263879040836743,-0.0101583338214723,-0.793011354122109,0.159462591783858,0.0060576276384848,-0.00508420996680607,0.28150424154338,-0.0271786236061827,0.0379472600041318,0.0115729124215628,-0.000366853133456888,0.000597145000208381,0.0334601591508519,0.0578542999778717,-22.3347064642597,-0.0130626898332735,0.0102022192549023,-13.6196722667211,-0.174039648843978,-0.00360461918879232,-0.00465336491487383,-0.0908297873201157,-0.00185285835129781,0.0162458083100912
2.10332928561114,0.0491062379225905,0.120007544116024,-14.8194256312136,-0.0806106021782971,-19.6388428013466,-14.1895136712371,0.0446244155166732,-9.04995485127615,0.848106119427219,0.828722455400316,0.0823615579280672,1.73127700682914,0.632360628450826,0.807184588155381,-15.9035388581941,0.0244237810180424,0.0103086984589468,-14.4019526398872,0.0223993085627184,-18.5623697490824,-15.2318410639714,0.00520400033174099,-8.64195153491663,-15.2498251147243,0.137851239267409,0.00114871314912846,1.45988668023997,0.111268165573505,0.0539816421668374,-14.6177038590303,0.00774172538627001,0.00433189685494741,-14.1797766441019,0.127289470168831,-17.2859243289662,-14.9085573929046,0.0145246606268825,-11.4791256113191,-14.0577070119302,-0.0215538014845279,-0.00226537064916448,-0.0184991299878673,-14.7954966318685,-0.283002801014228,-13.7077670221117,-0.0136562330956721,0.00366865342548513,-13.6114762905525,-0.0588367321963885,1.95999022645687,0.512981889242163,0.0137911744984763,-10.3957646083713,-13.7602325595087,-0.432473067970359,0.0149866471128135,0.770271679545102,-15.0323687902096,-0.00341187137662147,-13.8849576703881,0.0123546751642531,0.000772866311973699,-16.4025644755872,0.00262760618820628,-14.2025011173652,0.182575229337336,0.0112647897879424,-11.1576172001837,-15.0171554050985,-0.297862411006283,-0.0256311250075573,-0.128742741305094,0.536941865088357,0.192458107171123
1.32281108917438,0.0527100148503657,0.116100225240603,-14.9712257811802,0.0649101429069078,-18.1106952441012,-12.2994304627501,0.0545418412259882,-13.2236212558813,0.819190724750808,0.497434897838306,0.0877806029621339,0.899857944842342,0.584382390445206,0.649502366170492,-15.3242963943265,0.0521435063954429,0.00999784243565976,-15.2242086554244,0.0421925969351397,-17.0276019201567,-14.495294102761,-0.0297756710923437,-12.448171648603,-14.7077745385767,0.0280237699404459,0.00244066044763268,0.762383880977616,0.1788994283007,0.228041516203329,-13.9868760742658,-0.00289584147353626,0.00317347359347307,0.597532268710073,0.00361536327022863,-16.0260845229121,-13.94188929749,0.0308149717796657,-14.5125897061989,-13.0057794407394,-0.145972569391525,-0.00104395412323316,-1.01563599902946,-15.5009516047621,0.00614623125961756,-14.3244661370134,0.00460735559549771,0.00361200727642184,-0.36808557017159,-0.0512389905692031,0.602128205112226,1.18547412913598,0.00209724729930661,-13.9031788789311,-12.9572405575062,0.188188364683109,-0.00290852112765561,0.276828509582448,-14.2530771999354,0.0545208479372594,-13.9029947483298,-0.0329574323847638,0.00175367296411966,-14.4526841628051,0.0190759053493326,-0.107729967651274,0.992571969931404,0.0347641022271718,-13.2645564762387,-13.612474659856,-0.168618445047816,-0.0131520987943279,0.0389761349903911,0.65321700174239,0.066973301599137
1.85604588406909,0.0111024250373304,0.117513212305312,-15.6443233326413,-0.184766269638069,-21.0117448322836,-14.0105951409441,0.0433329280554886,-3.8713167997764,0.990806670755426,1.14769983508906,0.0861117407153656,2.39526323663733,0.691055563756893,0.703701630245913,-16.5009300780336,0.0196437003449285,0.00979069436055056,-14.5225128552711,-0.129302239629396,-16.7100380041046,-14.5257231786777,0.00097382212343129,-4.04545026862096,-14.7955835665277,0.124031922255736,0.00336882951457001,1.23288182946739,0.139369268934371,0.089771250975914,-14.6449409470343,0.0376299064847159,0.00382821811845445,-12.219624005686,0.0448693676944575,-16.6331748996346,-14.3819887862128,0.0114000280026936,-4.72104591633563,-13.4248184499786,-0.0781723081654148,-0.00136157272601634,0.195778180571439,-14.6864350479504,-0.154142482944725,-14.118156240203,-0.0162278749645589,0.00394808735407417,-11.9207700853646,-0.00392118779649848,3.83308173732401,0.711664457530908,0.00982838888872462,-5.56978733437341,-13.1583639044493,-0.469976276036606,0.00806506882662731,0.823080328781807,-15.0855661758425,-0.0400840875856607,-14.0247221655137,-0.0022664771780044,0.00192686261882869,-11.9621641101918,0.0206774900504826,-15.2266033368643,0.258626598785105,0.00608177288767555,-11.3919501600139,-14.5118177663659,-0.272662042123848,-0.0227730839615945,0.630213234508468,0.562111824458318,0.161287096386471
3.06596182107662,0.0961684882121771,0.121076775719658,-13.2149553278016,0.332811677097119,-17.0207956609046,-13.536740550192,0.101483131643244,-14.9035376500649,2.20276158915452,0.843594558418099,0.117607023487003,-14.9512719915853,-14.858087384169,0.586296488053739,-12.6624106098709,0.0554474748968488,0.00619426126166564,-13.8785317310552,0.00613473117862949,-15.4157959701769,-13.1657673956558,0.100578583973187,-13.9795155327424,-15.8298278906228,-17.2066111875212,0.0100533668596342,0.303360172278624,0.381385250161965,0.127745632655729,-12.852303952076,-0.00230259090163736,0.00606921570060559,-13.1565179028169,-0.100485809026888,-14.9843983663593,-12.0441428441817,0.0189009312704073,-13.6572210266903,-14.2904532826634,-0.000774898101764795,-0.00645024910138913,0.841400520913507,-14.0848822174852,-0.428338275577854,-12.6381596304687,-0.0438336521613176,0.00328634011011361,-13.1750352708348,0.0537576208207082,-16.3344180995436,-12.578461756557,0.0227011001747278,-14.4295357938911,-14.8360575668165,-0.528100058024605,0.00811256848258323,0.11318798418824,-14.1345589804278,0.0194028462620122,-11.6172157911401,0.0120138679615348,0.00359159188721882,-13.7342697929016,0.00198545333067943,-15.9648551849678,-13.4369424462268,-0.0227985995332464,-16.2313181500188,-15.2112352064138,-0.823274580308479,-0.0181050049158489,-0.625024287014993,-0.766357202945569,-0.0778187413560246
1.40127096860115,0.0552794415235566,0.113319894965692,-14.4255812670179,0.0461078149866827,0.546918762922882,-13.3026279080867,0.0544885718668406,-12.5029387949702,1.0686307060326,0.357545775690522,0.0752822811177566,0.444937127971556,0.611436257439852,0.822999240679646,-14.0602060847681,0.0428674212579035,0.00843665151617794,-15.167342517699,0.0172443814428964,-0.781959062377409,-13.8642443093898,-0.0130216738775625,-11.9588226912571,-14.2140663302243,0.0214960441965952,0.00478488951208506,0.369728755547107,0.157892331255661,0.165310053833767,-13.2362918823815,0.00226841975249052,0.00364234499139205,0.744328391050577,0.0193149023233928,-16.7213702034648,-14.0784517607909,0.0419550234146126,-11.8960605345435,-12.6589259191725,0.122555500429287,-0.00526660003218864,0.158387917506785,-13.7869043888608,-0.0487230311920092,-13.5230898701371,-0.00928835301833482,0.00319046247969312,-0.862255652334362,-0.0199061556767443,-0.239614023496961,0.702113430654567,-0.0153227872734115,-12.4627405917029,-12.5170861389166,0.131029145596494,-0.00248558996572983,0.314749530616808,-14.2937086214127,0.0242236608912932,-13.8058651756517,-0.00620769260052056,0.00195157067108596,-14.7192909885887,0.033926167512528,-0.706255351725923,0.389237016983221,0.0236216620355709,-13.0615658568744,-13.7955554567562,-0.481662064968871,-0.0113236963855219,0.134704410295593,0.602925751198134,0.0496779541375158
